home_gk_overall,home_dc_overall,home_mid_overall,home_st_overall,away_gk_overall,away_dc_overall,away_mid_overall,away_st_overall,homeScore,awayScore,matchResult
67.0,64.4,66.75,67.0,90.0,77.25,86.8,85.5,0,3,Away
74.0,78.0,82.25,80.33333333333333,69.0,67.0,65.75,65.5,2,1,Home
72.0,66.25,63.4,68.0,70.0,70.75,70.25,71.33333333333333,1,1,Draw
73.0,73.25,64.0,64.5,65.0,61.333333333333336,63.333333333333336,63.5,4,1,Home
75.0,66.5,69.5,64.0,73.0,68.5,67.66666666666667,66.75,0,1,Away
79.0,72.0,72.8,75.0,74.0,75.5,79.66666666666667,74.0,5,1,Home
69.0,70.75,70.0,67.5,63.0,63.5,61.5,58.5,0,1,Away
69.0,70.2,70.66666666666667,70.5,78.0,76.0,76.75,71.66666666666667,2,2,Draw
71.0,73.5,72.33333333333333,69.66666666666667,69.5,76.0,68.5,81.75,1,1,Draw
74.0,77.75,78.5,71.33333333333333,66.5,69.0,65.8,72.5,1,0,Home
69.0,66.85714285714286,66.0,66.0,63.0,63.75,63.25,58.5,2,1,Home
69.0,70.25,70.66666666666667,70.0,73.0,68.5,68.66666666666667,68.33333333333333,0,3,Away
72.0,66.25,63.0,67.33333333333333,69.5,76.0,68.5,81.75,3,1,Home
90.0,80.25,81.6,85.5,74.0,75.5,79.66666666666667,74.0,1,0,Home
74.0,77.75,78.5,71.33333333333333,78.0,76.25,78.25,79.0,2,0,Home
73.0,75.33333333333333,72.66666666666667,73.0,66.5,69.0,65.8,66.5,1,4,Away
66.0,73.25,72.8,75.0,75.0,66.5,69.5,75.0,4,0,Home
71.0,74.0,72.33333333333333,69.66666666666667,70.0,70.75,73.33333333333333,71.33333333333333,3,1,Home
74.0,78.33333333333333,82.25,80.33333333333333,69.0,70.75,70.0,67.5,0,1,Away
71.0,74.0,77.33333333333333,69.66666666666667,65.0,61.333333333333336,66.66666666666667,63.5,3,0,Home
74.0,77.33333333333333,82.25,81.33333333333333,73.0,68.75,72.0,68.33333333333333,2,2,Draw
72.0,66.0,63.0,69.0,78.0,76.25,78.25,79.0,0,2,Away
69.0,70.25,70.66666666666667,70.0,69.0,70.75,70.0,67.5,1,1,Draw
66.0,75.33333333333333,72.66666666666667,72.75,70.0,71.4,73.33333333333333,73.0,1,3,Away
75.0,67.5,69.25,66.66666666666667,66.5,67.0,68.0,67.0,0,1,Away
74.0,75.75,77.25,70.0,69.0,67.0,66.33333333333333,66.0,3,2,Home
58.5,73.4,75.33333333333333,75.0,67.0,63.0,66.4,67.0,1,3,Away
69.5,75.6,69.2,83.0,74.0,75.5,79.66666666666667,74.0,1,2,Away
90.0,80.5,82.4,85.5,63.0,64.0,63.25,58.5,1,2,Away
65.0,60.8,66.66666666666667,63.5,70.0,71.8,75.0,71.33333333333333,1,2,Away
72.0,66.25,63.5,69.0,69.0,70.75,70.66666666666667,70.0,2,2,Draw
66.0,73.2,63.5,63.875,74.0,72.75,79.66666666666667,74.0,3,1,Home
67.0,64.25,66.0,67.0,78.0,76.25,78.25,76.5,2,5,Away
71.0,74.0,77.33333333333333,69.66666666666667,69.0,67.0,65.75,62.0,0,1,Away
73.0,68.5,68.33333333333333,68.33333333333333,90.0,81.0,81.5,82.66666666666667,5,1,Home
75.0,67.5,69.25,71.33333333333333,63.0,63.0,64.0,63.5,2,2,Draw
74.0,79.0,83.66666666666667,80.33333333333333,74.0,73.25,77.25,70.0,3,1,Home
69.0,70.75,70.0,67.5,66.5,69.0,68.0,69.66666666666667,3,2,Home
66.0,73.4,72.75,75.0,69.5,73.0,69.8,83.33333333333333,3,0,Home
66.0,73.25,72.75,74.0,69.0,68.5,69.0,67.5,3,1,Home
73.0,68.5,72.0,66.75,65.0,60.833333333333336,66.75,62.5,1,0,Home
73.0,73.25,71.66666666666667,72.33333333333333,74.0,72.2,77.25,75.0,1,3,Away
69.0,70.2,70.66666666666667,70.5,74.0,75.5,71.75,75.0,1,0,Home
63.0,63.0,64.66666666666667,59.0,78.0,76.25,78.25,76.5,2,1,Home
90.0,80.25,84.75,82.66666666666667,70.0,71.8,73.33333333333333,73.0,1,3,Away
69.5,69.0,73.5,82.0,66.5,69.0,67.75,68.5,1,3,Away
72.0,66.0,63.5,68.0,71.0,73.0,70.33333333333333,69.75,0,0,Draw
76.0,79.0,83.0,80.33333333333333,75.0,67.5,69.0,71.33333333333333,0,1,Away
67.0,64.75,66.0,67.0,69.0,66.2,67.0,69.0,1,1,Draw
69.0,69.0,70.66666666666667,69.0,75.0,67.5,69.0,70.0,1,3,Away
65.0,61.71428571428572,68.33333333333333,67.5,73.0,68.5,72.0,66.5,0,0,Draw
90.0,80.25,75.0,62.5,66.5,69.0,67.75,68.5,1,1,Draw
76.0,79.0,83.0,82.66666666666667,69.0,67.0,68.5,68.0,2,0,Home
72.0,66.0,63.5,81.33333333333333,78.0,76.25,78.25,76.33333333333333,2,2,Draw
66.0,73.25,72.75,69.66666666666667,66.0,74.75,69.5,69.25,3,1,Home
69.5,74.6,69.8,74.0,71.0,73.0,77.33333333333333,69.75,0,1,Away
74.0,75.5,71.75,83.33333333333333,70.0,71.8,73.33333333333333,73.0,3,1,Home
66.0,73.25,72.75,73.0,63.0,63.6,64.0,57.0,0,8,Away
76.0,79.0,83.66666666666667,74.0,73.0,74.75,67.0,72.75,6,1,Home
75.0,67.5,69.0,81.33333333333333,72.0,66.25,63.5,69.66666666666667,0,4,Away
69.0,70.75,69.0,75.0,65.0,61.71428571428572,64.0,62.5,1,2,Away
69.5,74.6,69.8,66.0,74.0,74.66666666666667,78.75,71.0,0,1,Away
90.0,81.0,72.2,83.0,78.0,76.25,78.25,79.0,2,1,Home
69.0,69.5,70.66666666666667,59.0,70.0,71.8,73.33333333333333,73.0,2,0,Home
71.0,74.0,77.33333333333333,82.66666666666667,66.5,67.8,68.0,68.5,2,1,Home
67.0,64.75,67.0,69.0,69.0,66.2,67.75,69.0,1,1,Draw
67.0,63.5,66.0,65.5,73.0,68.5,72.0,66.75,0,2,Away
69.0,70.5,63.333333333333336,67.0,65.0,61.85714285714285,64.0,62.5,1,2,Away
72.0,66.25,63.5,67.0,71.0,74.0,77.33333333333333,68.25,1,4,Away
73.0,68.5,72.0,66.66666666666667,69.0,64.8,68.5,67.5,0,0,Draw
65.0,61.2,64.0,68.0,75.0,67.5,68.5,70.33333333333333,3,0,Home
67.0,69.2,70.66666666666667,66.0,63.0,63.0,64.0,59.0,3,1,Home
76.0,79.0,77.5,63.0,78.0,76.25,78.25,79.0,0,1,Away
66.0,71.5,62.25,70.5,74.0,71.5,78.75,75.0,2,1,Home
74.0,72.25,74.0,71.25,90.0,78.8,81.25,85.5,1,0,Home
66.0,73.4,72.75,64.44444444444444,69.5,75.6,69.6,83.33333333333333,2,2,Draw
72.0,66.0,63.4,74.0,70.0,71.8,73.33333333333333,73.0,2,2,Draw
69.0,69.33333333333333,69.0,75.0,66.5,67.8,68.0,68.5,1,1,Draw
76.0,79.0,77.5,69.5,66.5,67.0,65.66666666666667,64.66666666666667,1,2,Away
75.0,67.5,68.5,68.33333333333333,67.0,64.0,66.0,67.0,3,0,Home
73.0,71.0,64.0,75.25,71.0,72.75,77.33333333333333,68.75,2,2,Draw
69.0,70.75,68.66666666666667,70.33333333333333,69.5,75.2,69.0,83.33333333333333,2,0,Home
65.0,61.4,63.333333333333336,65.0,68.0,79.25,88.0,82.66666666666667,2,1,Home
74.0,71.5,75.0,66.66666666666667,74.0,72.25,76.33333333333333,72.66666666666667,4,0,Home
66.0,73.25,72.75,62.5,69.0,64.8,67.6,65.0,2,2,Draw
73.0,68.75,72.0,70.66666666666667,63.0,63.0,64.0,59.0,1,2,Away
69.0,70.75,67.75,74.0,70.0,71.8,73.33333333333333,73.0,4,1,Home
76.0,77.5,79.33333333333333,66.0,78.0,76.25,75.75,79.0,2,0,Home
63.0,66.0,67.33333333333333,67.5,78.0,72.8,78.25,79.0,1,2,Away
69.0,69.2,70.66666666666667,80.33333333333333,63.0,63.0,63.0,56.0,5,0,Home
74.0,72.25,76.33333333333333,68.33333333333333,67.0,64.0,66.0,64.0,2,1,Home
66.0,73.25,72.75,70.5,71.0,74.0,74.33333333333333,75.0,0,2,Away
73.0,73.33333333333333,70.5,73.33333333333333,66.5,67.8,65.66666666666667,64.66666666666667,2,2,Draw
69.5,75.2,72.5,74.0,65.0,61.85714285714285,69.0,62.5,3,1,Home
90.0,81.75,84.2,70.66666666666667,73.0,68.75,71.5,66.5,1,1,Draw
69.0,69.33333333333333,69.0,85.5,70.0,71.0,75.0,75.0,0,3,Away
67.0,65.5,66.6,70.33333333333333,70.0,69.5,73.33333333333333,73.0,0,1,Away
66.0,74.66666666666667,72.75,68.33333333333333,69.0,70.75,67.75,71.33333333333333,3,2,Home
73.0,68.75,72.0,62.0,75.0,67.5,69.0,67.5,0,2,Away
63.0,65.8,67.33333333333333,70.66666666666667,74.0,71.75,75.25,70.33333333333333,1,1,Draw
76.0,78.25,74.75,65.0,90.0,80.0,82.5,68.0,0,1,Away
63.0,63.2,64.0,69.5,74.0,72.25,76.33333333333333,82.66666666666667,6,1,Home
69.5,75.4,72.5,73.0,66.5,67.8,67.0,73.33333333333333,1,0,Home
66.0,73.25,72.75,58.666666666666664,65.0,61.85714285714285,67.66666666666667,67.5,2,1,Home
71.0,72.6,77.33333333333333,82.33333333333333,69.0,64.25,67.6,63.0,1,1,Draw
76.0,78.25,74.75,74.0,78.0,76.25,78.25,68.0,2,0,Home
72.0,66.75,62.0,69.75,67.0,65.5,66.6,76.33333333333333,1,4,Away
69.0,70.75,68.25,73.75,74.0,69.0,71.0,62.0,3,1,Home
65.0,61.85714285714285,67.66666666666667,68.75,75.0,67.5,68.5,72.0,2,0,Home
78.0,69.0,75.5,67.5,74.0,71.2,76.66666666666667,70.33333333333333,2,3,Away
66.0,73.25,73.0,63.0,66.5,67.8,67.75,74.0,1,0,Home
73.0,72.33333333333333,71.75,71.5,73.0,68.75,72.0,68.0,2,1,Home
71.0,73.0,77.33333333333333,75.0,63.0,63.2,64.0,66.5,3,1,Home
69.0,69.2,70.66666666666667,72.5,90.0,80.25,84.75,57.0,1,1,Draw
69.0,64.25,67.6,69.75,69.5,74.8,70.66666666666667,82.66666666666667,4,4,Draw
74.0,78.25,87.5,70.5,70.0,71.8,73.75,81.0,3,0,Home
67.0,65.5,66.6,68.0,69.0,70.0,66.25,78.0,3,2,Home
69.0,70.75,70.0,81.75,70.0,71.8,73.75,67.66666666666667,0,1,Away
69.5,74.8,73.5,62.0,65.0,61.66666666666666,65.66666666666667,68.0,1,2,Away
71.0,73.0,70.33333333333333,71.5,90.0,81.0,84.75,63.0,2,1,Home
66.0,73.25,73.33333333333333,82.33333333333333,74.0,72.25,75.0,82.66666666666667,1,1,Draw
72.0,66.75,62.0,69.75,69.0,66.6,66.4,74.0,4,1,Home
75.0,67.5,69.0,72.75,63.0,63.2,64.0,61.0,2,3,Away
66.0,73.4,72.75,68.75,74.0,74.0,75.0,57.0,1,3,Away
73.0,68.75,69.0,70.33333333333333,78.0,70.5,74.0,73.33333333333333,0,3,Away
76.0,78.25,87.5,75.0,66.5,66.8,67.75,71.5,1,2,Away
69.0,70.0,66.25,66.0,66.5,66.2,65.25,68.0,3,2,Home
67.0,65.5,67.0,81.75,65.0,61.57142857142857,64.66666666666667,62.5,2,1,Home
74.0,74.25,75.0,66.75,63.0,63.2,63.0,63.0,3,1,Home
75.0,67.5,69.0,62.0,74.0,72.25,75.0,59.0,5,0,Home
66.0,74.25,72.8,73.33333333333333,69.0,64.8,66.6,74.0,1,0,Home
73.0,73.0,68.5,68.66666666666667,72.0,66.25,62.0,65.0,0,1,Away
73.0,68.75,71.2,73.0,71.0,74.25,77.33333333333333,68.75,2,2,Draw
90.0,80.25,84.75,68.0,70.0,80.25,70.5,69.75,3,2,Home
69.0,70.0,67.0,68.5,78.0,70.5,74.25,83.33333333333333,4,3,Home
76.0,77.5,83.66666666666667,82.66666666666667,70.0,70.8,73.75,71.5,3,3,Draw
67.0,64.25,67.0,70.0,65.0,61.5,65.66666666666667,78.0,1,1,Draw
66.0,74.25,73.0,83.33333333333333,60.5,66.2,68.0,63.0,3,4,Away
69.0,69.33333333333333,64.5,62.0,90.0,79.33333333333333,83.0,72.0,1,0,Home
72.0,66.25,62.0,73.0,73.0,70.0,63.833333333333336,85.5,1,0,Home
73.0,69.0,71.0,66.0,69.0,70.0,67.0,63.0,2,1,Home
71.0,74.0,78.5,69.25,59.5,64.75,65.16666666666667,70.0,0,2,Away
70.0,81.0,70.75,66.0,74.0,74.0,75.0,69.33333333333333,5,0,Home
75.0,66.8,69.0,69.8,63.0,63.5,63.0,68.0,2,1,Home
78.0,72.6,74.5,83.0,68.0,72.25,75.0,61.0,0,2,Away
76.0,79.0,83.66666666666667,70.33333333333333,68.0,71.8,73.75,74.0,3,0,Home
66.0,71.66666666666667,65.71428571428571,76.33333333333333,66.0,74.25,73.0,78.0,1,2,Away
69.0,68.8,66.33333333333333,83.33333333333333,67.0,65.5,66.4,73.0,1,0,Home
72.0,66.25,62.0,61.42857142857143,69.5,71.8,67.6,62.0,1,1,Draw
69.0,70.0,67.5,67.5,74.0,73.0,75.0,83.33333333333333,1,2,Away
71.0,72.2,77.33333333333333,68.75,63.0,63.5,63.0,67.33333333333333,0,3,Away
73.0,69.0,71.0,65.25,66.5,66.2,68.0,61.0,1,0,Home
68.0,72.25,75.0,65.5,68.0,69.75,71.83333333333333,70.33333333333333,2,0,Home
67.0,64.5,66.8,66.0,90.0,80.5,82.83333333333333,78.0,5,0,Home
71.0,74.25,76.5,63.0,78.0,72.6,77.66666666666667,77.0,1,2,Away
69.0,68.83333333333333,62.5,74.0,78.0,72.6,77.66666666666667,75.5,4,1,Home
76.0,79.0,83.66666666666667,62.0,63.0,63.5,63.0,70.33333333333333,0,2,Away
66.0,74.4,71.75,73.75,90.0,78.8,84.2,63.5,2,0,Home
69.5,75.2,67.6,70.0,68.0,69.75,76.33333333333333,77.0,2,2,Draw
68.0,71.8,73.75,68.5,66.0,74.66666666666667,72.75,73.33333333333333,3,0,Home
66.0,71.75,63.833333333333336,83.33333333333333,69.0,67.75,70.5,70.66666666666667,2,0,Home
79.0,71.0,72.2,75.0,74.0,75.75,70.5,66.25,1,2,Away
67.0,65.5,66.8,83.33333333333333,60.5,68.0,67.75,68.0,0,0,Draw
76.0,79.0,83.66666666666667,78.0,69.0,69.8,67.0,72.0,3,0,Home
65.0,61.5,68.5,62.42857142857143,63.0,62.66666666666666,60.5,69.0,1,1,Draw
72.0,66.66666666666667,63.5,75.0,73.0,69.0,71.0,64.0,1,1,Draw
75.0,68.0,69.25,67.0,69.5,75.2,68.4,65.0,0,2,Away
74.0,74.0,74.0,83.33333333333333,68.0,72.25,72.33333333333333,83.0,1,1,Draw
71.0,73.0,66.0,63.0,69.0,63.5,65.0,73.33333333333333,1,0,Home
72.0,66.66666666666667,61.66666666666666,67.5,78.0,72.5,74.0,67.66666666666667,2,3,Away
67.0,65.5,66.6,70.33333333333333,70.0,71.8,73.75,71.8,2,1,Home
79.0,71.8,71.33333333333333,68.0,66.5,67.8,68.0,78.0,2,0,Home
68.0,75.5,72.33333333333333,73.25,73.0,69.0,71.0,72.0,2,1,Home
65.0,61.4,68.5,68.0,69.5,72.0,70.0,64.5,3,0,Home
69.0,68.66666666666667,67.0,67.0,74.0,73.75,75.66666666666667,82.0,0,2,Away
71.0,71.0,78.0,73.0,69.0,68.33333333333333,67.75,74.0,3,2,Home
75.0,68.0,67.75,74.0,63.0,63.5,63.0,63.25,1,3,Away
76.0,79.0,87.5,63.0,66.5,66.8,68.0,63.5,2,3,Away
73.0,71.75,64.5,65.25,69.0,69.8,71.5,72.0,1,4,Away
79.0,72.8,72.2,72.0,90.0,80.0,78.0,69.0,2,1,Home
69.0,67.25,70.66666666666667,68.66666666666667,70.0,70.4,73.75,77.0,1,3,Away
71.0,73.0,74.33333333333333,81.75,78.0,70.5,74.33333333333333,78.0,0,2,Away
90.0,78.0,82.83333333333333,61.857142857142854,67.0,65.5,66.4,71.8,4,2,Home
74.0,73.75,74.5,75.0,69.0,69.8,71.5,67.0,3,2,Home
75.0,67.2,68.66666666666667,65.66666666666667,65.0,61.5,68.5,69.0,3,1,Home
76.0,77.5,83.66666666666667,70.66666666666667,63.0,63.2,60.5,63.0,2,3,Away
72.0,66.66666666666667,62.0,77.0,69.0,68.33333333333333,66.6,54.0,2,0,Home
69.5,75.4,68.4,71.33333333333333,66.5,67.8,67.0,61.0,2,1,Home
73.0,71.75,64.5,70.33333333333333,73.0,69.0,71.25,72.0,3,0,Home
67.0,63.0,65.8,80.33333333333333,78.0,70.5,74.0,66.5,2,1,Home
71.0,73.0,77.33333333333333,68.8,68.0,73.0,73.5,71.8,3,1,Home
90.0,80.5,83.0,83.33333333333333,70.0,70.2,70.25,76.0,4,2,Home
79.0,72.8,72.8,61.857142857142854,65.0,61.6,67.0,73.0,0,0,Draw
74.0,73.75,75.66666666666667,67.0,73.0,68.75,71.66666666666667,64.0,1,1,Draw
76.0,79.0,83.66666666666667,68.25,68.0,75.5,72.33333333333333,66.75,1,0,Home
69.0,69.0,70.0,77.0,75.0,67.25,68.66666666666667,74.0,2,3,Away
72.0,64.0,62.0,75.0,78.0,76.25,71.66666666666667,71.0,0,0,Draw
63.0,63.5,63.0,74.0,69.0,69.8,68.25,72.2,2,2,Draw
73.0,73.25,64.5,82.33333333333333,69.0,68.0,66.5,65.0,5,0,Home
79.0,72.0,73.0,68.25,69.5,72.0,69.2,63.25,3,2,Home
69.0,71.5,69.33333333333333,69.75,70.0,70.75,69.6,79.0,0,4,Away
75.0,67.2,68.5,63.0,66.5,68.0,67.0,73.0,2,2,Draw
73.0,73.0,65.0,61.857142857142854,68.0,75.5,72.33333333333333,72.5,0,0,Draw
76.0,79.0,83.0,75.0,69.0,63.5,63.25,73.33333333333333,1,3,Away
71.0,76.0,75.5,69.0,73.0,68.75,71.66666666666667,65.5,3,2,Home
67.0,63.0,66.4,71.0,65.0,61.4,67.5,66.5,0,0,Draw
69.0,69.0,70.66666666666667,61.857142857142854,69.0,66.42857142857143,67.0,63.5,4,0,Home
72.0,66.75,63.0,83.33333333333333,69.5,72.0,69.8,61.0,1,2,Away
74.0,77.75,77.66666666666667,68.33333333333333,90.0,77.0,78.33333333333333,79.0,4,1,Home
66.0,71.2,63.2,67.0,78.0,76.25,76.5,77.0,3,1,Home
67.0,63.5,66.5,68.33333333333333,70.0,71.6,74.0,72.33333333333333,3,2,Home
75.0,67.2,69.33333333333333,68.33333333333333,66.5,68.0,67.0,78.0,1,1,Draw
65.0,61.6,67.5,74.0,69.0,70.0,66.33333333333333,69.0,3,4,Away
79.0,72.8,73.0,61.142857142857146,73.0,68.75,72.0,66.0,4,1,Home
76.0,79.0,77.2,67.0,78.0,76.25,75.66666666666667,64.75,2,2,Draw
72.0,66.75,62.0,70.33333333333333,68.0,75.5,72.33333333333333,72.2,2,2,Draw
71.0,74.75,78.25,63.5,63.0,63.333333333333336,61.666666666666664,70.66666666666667,4,4,Draw
74.0,75.75,77.66666666666667,73.0,69.5,75.4,68.6,63.0,0,5,Away
69.0,69.33333333333333,70.66666666666667,72.66666666666667,68.0,65.2,66.5,78.66666666666667,3,1,Home
72.0,66.75,63.0,69.25,66.5,67.8,68.0,69.0,1,1,Draw
67.0,63.0,66.5,68.33333333333333,70.0,71.0,73.33333333333333,72.5,2,4,Away
65.0,61.4,67.5,74.0,90.0,80.5,86.8,78.0,3,0,Home
75.0,67.2,69.33333333333333,69.5,73.0,68.5,71.66666666666667,85.5,1,3,Away
68.0,75.5,72.33333333333333,69.66666666666667,70.0,77.5,70.25,64.75,3,1,Home
73.0,74.5,73.33333333333333,64.0,63.0,63.333333333333336,63.75,79.0,3,1,Home
69.0,69.33333333333333,70.66666666666667,63.5,90.0,81.25,75.0,64.0,1,3,Away
79.0,72.0,72.5,70.33333333333333,68.0,66.2,66.5,82.66666666666667,2,0,Home
76.0,77.5,83.66666666666667,73.33333333333333,78.0,76.25,78.0,69.0,2,3,Away
71.0,74.75,75.5,71.66666666666667,66.5,67.8,68.0,72.33333333333333,2,1,Home
69.0,69.33333333333333,70.66666666666667,69.5,74.0,76.5,77.66666666666667,72.5,0,2,Away
76.0,77.5,83.66666666666667,73.0,70.0,71.0,73.33333333333333,74.0,1,2,Away
66.0,72.8,72.5,81.33333333333333,69.0,68.5,65.0,78.0,0,6,Away
71.0,73.0,77.33333333333333,66.0,70.0,77.5,70.25,66.0,1,3,Away
72.0,66.75,62.0,69.5,67.0,63.0,66.5,79.0,1,4,Away
59.0,68.16666666666667,64.66666666666667,81.33333333333333,73.0,68.5,71.66666666666667,64.0,0,5,Away
78.0,71.75,78.25,73.0,90.0,81.0,86.25,64.75,1,2,Away
65.0,61.6,67.75,69.75,68.0,75.5,71.75,82.66666666666667,1,1,Draw
66.0,72.75,73.5,68.75,70.0,71.8,75.0,72.0,2,2,Draw
69.0,67.6,66.5,64.0,70.0,67.8,66.0,73.0,2,0,Home
69.0,68.5,68.33333333333333,71.66666666666667,74.0,76.5,77.66666666666667,71.0,1,2,Away
70.0,72.5,70.2,60.5,63.0,62.71428571428572,63.75,74.0,1,2,Away
76.0,77.5,77.2,71.0,75.0,67.2,69.0,58.0,0,5,Away
66.0,72.8,72.5,66.66666666666667,90.0,82.25,81.4,75.0,1,1,Draw
72.0,66.25,62.0,72.0,65.0,61.6,67.75,85.5,1,0,Home
66.0,73.0,73.5,79.0,65.0,75.5,72.33333333333333,60.5,4,1,Home
67.0,64.0,66.4,72.66666666666667,59.0,68.2,64.66666666666667,74.0,4,1,Home
73.0,69.0,69.2,73.0,90.0,81.25,77.14285714285714,64.0,4,2,Home
69.0,62.66666666666666,64.0,68.75,75.0,67.75,69.0,94.0,0,1,Away
69.0,68.6,69.0,69.25,69.0,67.6,66.5,70.33333333333333,1,1,Draw
69.0,68.16666666666667,68.33333333333333,64.0,74.0,74.25,77.66666666666667,66.66666666666667,3,0,Home
75.0,67.75,68.5,65.0,70.0,67.8,66.0,68.33333333333333,1,2,Away
73.0,73.66666666666667,70.0,62.0,70.0,71.8,73.75,71.0,1,0,Home
79.0,72.0,72.5,68.33333333333333,71.0,73.2,77.33333333333333,78.0,4,2,Home
68.0,75.5,75.0,72.0,70.0,71.8,73.75,66.0,2,2,Draw
70.0,77.2,69.33333333333333,68.66666666666667,73.0,69.0,69.2,78.0,1,3,Away
69.0,67.6,69.0,68.5,65.0,61.16666666666666,64.75,65.0,3,0,Home
72.0,66.25,62.0,73.0,70.0,67.8,65.33333333333333,63.0,2,3,Away
90.0,82.5,86.8,73.33333333333333,68.0,62.75,66.5,72.5,3,0,Home
76.0,77.5,77.2,79.0,78.0,76.0,79.25,69.33333333333333,0,1,Away
74.0,77.5,77.2,66.0,67.0,64.2,65.75,71.5,3,1,Home
72.0,65.5,62.0,68.75,74.0,73.5,76.0,64.0,0,2,Away
69.0,67.6,69.0,85.5,69.0,63.5,64.0,76.0,3,1,Home
75.0,67.75,68.5,72.66666666666667,69.0,67.25,68.33333333333333,63.0,0,6,Away
73.0,69.0,69.2,71.66666666666667,69.0,63.5,61.5,70.0,2,1,Home
66.0,72.16666666666667,72.8,68.75,65.0,61.42857142857143,64.66666666666667,65.5,2,2,Draw
66.0,75.5,70.66666666666667,66.0,74.0,73.5,76.0,63.0,1,1,Draw
70.0,72.5,71.4,68.66666666666667,70.0,67.75,66.33333333333333,76.0,2,0,Home
67.0,64.2,65.75,65.0,78.0,76.25,78.25,72.5,2,1,Home
71.0,72.5,77.33333333333333,73.0,68.0,65.4,67.25,76.33333333333333,0,4,Away
72.0,65.66666666666667,63.0,72.75,90.0,80.0,86.8,64.2,1,0,Home
69.0,68.16666666666667,68.0,79.5,70.0,68.5,74.16666666666667,85.5,1,1,Draw
73.0,69.0,71.2,64.0,68.0,73.0,75.0,78.0,2,2,Draw
65.0,61.5,63.75,69.75,65.0,60.85714285714285,64.66666666666667,74.0,3,2,Home
66.0,73.6,71.75,68.0,64.0,64.2,65.75,63.0,4,3,Home
66.0,75.5,71.75,72.0,78.0,75.25,78.25,64.0,2,1,Home
72.0,65.5,63.0,63.666666666666664,68.0,63.5,67.25,76.33333333333333,3,0,Home
69.0,67.25,66.66666666666667,63.0,70.0,71.8,73.33333333333333,67.66666666666667,1,1,Draw
64.0,63.75,66.2,65.66666666666667,70.0,66.8,65.0,73.0,1,1,Draw
68.0,69.75,75.0,71.0,75.0,67.0,68.5,76.0,2,0,Home
69.0,67.6,69.0,68.75,74.0,74.0,75.0,70.33333333333333,2,1,Home
73.0,69.0,71.2,70.0,71.0,72.5,77.33333333333333,74.0,1,1,Draw
65.0,61.2,63.2,67.0,70.0,70.75,73.75,67.0,2,2,Draw
66.0,74.2,70.66666666666667,73.33333333333333,59.0,65.5,65.0,73.0,4,3,Home
76.0,77.5,77.2,66.0,69.0,63.4,61.25,68.25,1,1,Draw
72.0,66.33333333333333,64.0,63.666666666666664,78.0,75.25,78.25,65.5,3,3,Draw
64.0,64.5,65.75,63.0,70.0,72.5,70.75,76.33333333333333,2,1,Home
75.0,67.2,69.0,71.0,68.0,79.25,87.0,83.33333333333333,2,1,Home
73.0,69.0,71.2,73.66666666666667,69.0,67.75,68.0,94.0,0,0,Draw
78.0,76.25,79.0,68.0,70.0,66.16666666666667,66.0,66.0,1,0,Home
76.0,79.0,78.75,65.5,68.0,67.0,71.75,76.0,1,1,Draw
69.0,67.25,66.66666666666667,70.0,68.0,66.2,65.75,73.0,1,1,Draw
64.0,71.8,67.0,65.0,68.0,70.75,73.75,63.25,3,1,Home
71.0,72.5,77.33333333333333,74.6,65.0,60.8,64.5,73.0,1,1,Draw
70.0,76.75,70.5,75.5,66.0,72.0,64.4,60.5,2,0,Home
66.0,74.25,72.8,70.0,68.0,77.75,86.5,61.285714285714285,0,0,Draw
76.0,79.0,77.2,69.4,74.0,74.5,76.0,77.0,4,1,Home
69.0,67.75,68.0,67.0,69.0,63.333333333333336,62.0,68.0,4,3,Home
64.0,64.0,65.75,83.33333333333333,69.0,68.16666666666667,70.0,68.0,3,1,Home
73.0,69.0,71.0,68.0,66.0,74.5,70.66666666666667,69.66666666666667,3,3,Draw
72.0,66.0,62.0,73.66666666666667,68.0,79.25,83.75,70.33333333333333,0,3,Away
68.0,71.8,73.75,66.0,75.0,66.8,67.5,85.5,2,4,Away
70.0,73.25,70.75,65.5,68.0,67.0,75.0,75.0,1,0,Home
71.0,74.75,75.5,63.666666666666664,65.0,60.5,64.75,73.33333333333333,0,1,Away
68.0,66.2,65.75,68.75,70.0,67.0,65.0,63.0,2,1,Home
72.0,66.25,62.0,78.0,74.0,72.33333333333333,77.66666666666667,76.0,1,2,Away
69.0,67.8,70.0,83.33333333333333,69.0,63.333333333333336,60.666666666666664,74.0,2,2,Draw
66.0,73.2,63.8,66.0,78.0,76.25,77.66666666666667,65.5,2,2,Draw
65.0,59.66666666666666,63.2,63.25,74.0,72.33333333333333,77.66666666666667,74.6,3,1,Home
68.0,69.66666666666667,71.75,69.0,69.0,62.71428571428572,60.666666666666664,74.0,2,2,Draw
68.0,66.2,66.33333333333333,68.25,64.0,63.25,65.75,65.5,2,0,Home
76.0,79.0,83.66666666666667,62.142857142857146,90.0,77.75,74.2,65.5,1,1,Draw
69.0,67.5,68.0,60.5,78.0,76.25,79.0,82.66666666666667,5,1,Home
73.0,69.0,71.2,73.33333333333333,66.5,67.0,66.75,74.6,4,0,Home
71.0,73.5,74.33333333333333,64.83333333333333,66.0,74.25,72.0,76.0,2,2,Draw
58.0,64.0,65.5,82.33333333333333,69.5,72.6,68.8,71.8,0,2,Away
69.0,68.0,69.33333333333333,70.0,68.0,70.8,75.0,83.33333333333333,0,1,Away
77.0,69.0,69.5,63.666666666666664,75.0,66.8,68.5,68.0,0,2,Away
69.0,61.25,67.25,71.33333333333333,74.0,70.8,61.333333333333336,70.0,6,0,Home
66.0,67.66666666666667,64.0,72.0,69.0,65.4,66.66666666666667,67.5,1,2,Away
88.0,79.25,79.4,75.0,75.0,70.75,66.75,88.0,0,2,Away
63.0,63.71428571428572,66.4,65.5,66.0,69.25,66.5,67.5,1,1,Draw
86.0,72.0,77.33333333333333,69.33333333333333,71.0,66.5,69.0,73.0,1,1,Draw
68.0,64.0,66.75,71.5,70.0,71.0,65.5,68.75,0,2,Away
69.0,65.8,66.66666666666667,89.0,61.0,63.75,64.25,62.0,0,0,Draw
69.0,62.0,67.25,70.66666666666667,72.0,62.66666666666666,66.0,73.66666666666667,1,2,Away
66.0,62.75,66.0,80.33333333333333,70.0,70.75,71.0,65.5,3,1,Home
77.0,63.4,72.75,62.0,74.0,70.8,61.333333333333336,65.75,1,0,Home
66.0,66.75,65.0,67.5,73.0,72.4,82.5,72.25,0,1,Away
86.0,72.4,76.5,68.0,68.0,69.25,66.5,67.5,1,0,Home
71.0,66.5,69.0,66.66666666666667,75.0,70.75,66.75,88.0,1,3,Away
61.0,63.0,64.25,72.5,63.0,65.71428571428571,74.66666666666667,68.75,0,2,Away
66.0,67.5,66.33333333333333,71.33333333333333,68.0,65.0,70.66666666666667,71.66666666666667,1,1,Draw
69.0,65.75,67.33333333333333,79.66666666666667,66.0,68.5,67.5,71.5,0,0,Draw
66.0,62.75,63.25,64.33333333333333,71.0,72.4,84.25,69.33333333333333,3,0,Home
77.0,63.2,72.33333333333333,71.33333333333333,69.0,65.4,68.33333333333333,88.0,0,1,Away
66.0,67.25,63.75,65.33333333333333,66.0,68.25,69.33333333333333,71.66666666666667,0,0,Draw
88.0,75.0,79.0,67.0,63.0,65.71428571428571,74.66666666666667,65.75,1,1,Draw
86.0,73.0,71.33333333333333,67.5,74.0,70.8,62.0,68.5,3,2,Home
66.0,61.5,65.0,69.33333333333333,70.0,70.75,71.0,74.66666666666667,1,2,Away
72.0,62.66666666666666,67.0,71.66666666666667,71.0,66.5,70.0,70.5,4,2,Home
70.0,64.0,68.4,62.333333333333336,70.0,64.0,69.0,67.5,1,2,Away
71.0,67.16666666666667,69.0,77.0,66.0,66.2,67.5,73.66666666666667,3,4,Away
68.0,65.0,70.66666666666667,79.66666666666667,74.0,69.4,63.333333333333336,68.0,0,7,Away
77.0,69.25,72.75,66.66666666666667,63.0,65.5,69.2,71.33333333333333,2,3,Away
88.0,76.0,79.0,65.75,71.0,72.4,84.75,73.0,3,1,Home
88.0,77.75,77.33333333333333,68.0,69.0,65.75,67.33333333333333,66.33333333333333,1,0,Home
66.0,66.4,67.5,64.33333333333333,69.0,65.2,69.0,79.0,2,1,Home
86.0,72.16666666666667,71.0,67.5,68.0,64.0,63.333333333333336,74.66666666666667,5,3,Home
71.0,66.66666666666667,70.0,69.33333333333333,70.0,64.0,68.6,63.0,1,0,Home
71.0,72.4,82.5,72.5,72.0,62.66666666666666,67.0,68.0,0,0,Draw
69.0,65.75,67.33333333333333,77.0,70.0,62.833333333333336,63.4,63.75,1,2,Away
68.0,67.28571428571429,70.0,72.5,74.0,71.0,63.5,65.0,3,0,Home
68.0,63.4,66.0,80.33333333333333,66.0,65.0,64.0,70.0,5,0,Home
66.0,65.0,65.25,71.33333333333333,75.0,72.75,75.66666666666667,71.0,0,1,Away
66.0,66.4,67.5,81.5,66.0,69.75,69.33333333333333,66.0,3,0,Home
68.0,66.0,70.66666666666667,64.0,70.0,68.5,72.5,69.25,3,2,Home
66.0,68.0,64.5,79.0,62.0,61.66666666666666,65.5,74.66666666666667,2,1,Home
86.0,73.4,75.33333333333333,65.33333333333333,77.0,69.5,71.5,71.0,1,0,Home
72.0,62.0,67.0,67.0,74.0,71.0,63.5,73.0,2,1,Home
61.0,62.333333333333336,65.25,72.0,88.0,76.75,79.66666666666667,67.5,2,4,Away
70.0,64.0,68.6,63.0,69.0,65.2,68.75,72.5,0,2,Away
71.0,66.5,69.0,67.0,65.0,65.5,68.0,67.5,2,2,Draw
88.0,78.25,77.5,71.33333333333333,71.0,71.4,84.4,80.33333333333333,3,2,Home
66.0,64.5,64.0,72.0,70.0,68.8,69.2,71.0,5,3,Home
77.0,69.5,70.75,69.33333333333333,69.0,65.75,66.25,70.66666666666667,0,0,Draw
72.0,62.66666666666666,67.0,81.5,70.0,71.75,64.66666666666667,84.0,3,1,Home
69.0,63.0,64.33333333333333,65.0,75.0,67.6,70.5,66.33333333333333,1,1,Draw
68.0,65.0,70.66666666666667,64.5,69.0,65.8,66.33333333333333,64.5,1,0,Home
68.0,62.4,67.0,68.0,64.0,67.0,69.0,73.0,1,1,Draw
61.0,62.333333333333336,65.5,64.33333333333333,71.0,65.6,69.0,72.66666666666667,4,3,Home
86.0,74.0,75.33333333333333,76.0,70.0,64.6,68.2,68.5,2,2,Draw
88.0,77.75,79.33333333333333,64.0,71.0,75.0,75.0,70.6,5,1,Home
71.0,66.6,68.33333333333333,72.5,70.0,72.25,72.5,71.0,2,2,Draw
68.0,67.28571428571429,72.0,64.75,66.0,67.0,67.5,65.0,0,0,Draw
69.0,64.75,68.0,61.0,70.0,67.0,74.33333333333333,79.0,2,0,Home
77.0,70.25,70.0,72.0,68.0,67.4,65.0,71.5,1,2,Away
68.0,62.5,66.75,63.0,65.0,68.0,68.0,71.33333333333333,1,1,Draw
66.0,63.0,62.333333333333336,64.5,70.0,71.5,72.5,61.0,1,1,Draw
86.0,72.6,75.33333333333333,81.5,71.0,73.75,77.83333333333333,69.33333333333333,0,2,Away
70.0,68.8,69.2,77.0,70.0,64.0,68.2,73.0,1,0,Home
66.0,66.8,63.5,64.33333333333333,75.0,72.75,75.66666666666667,71.5,0,0,Draw
66.0,61.75,63.0,72.0,66.0,68.0,64.33333333333333,83.0,0,3,Away
72.0,62.0,67.0,68.5,61.0,62.333333333333336,65.25,65.0,2,2,Draw
69.0,64.75,68.0,66.5,61.0,62.5,65.5,72.66666666666667,3,0,Home
66.0,67.4,66.5,63.0,74.0,67.75,61.8,63.75,0,2,Away
70.0,64.0,69.0,65.66666666666667,69.0,65.75,67.33333333333333,66.0,3,3,Draw
68.0,62.5,67.0,80.5,77.0,70.25,71.0,65.33333333333333,3,2,Home
86.0,73.2,77.33333333333333,63.0,68.0,67.28571428571429,70.66666666666667,62.0,3,0,Home
66.0,67.0,67.5,67.66666666666667,74.0,67.25,62.333333333333336,63.0,2,1,Home
88.0,77.75,75.33333333333333,64.66666666666667,71.0,79.66666666666667,84.6,65.33333333333333,3,0,Home
69.0,65.75,67.33333333333333,65.5,64.0,66.6,69.0,73.0,0,1,Away
61.0,61.75,65.5,68.5,70.0,67.6,69.2,65.66666666666667,1,1,Draw
86.0,72.75,73.0,68.66666666666667,75.0,70.75,75.66666666666667,83.0,4,0,Home
71.0,65.2,69.5,68.0,71.0,67.4,69.0,70.25,2,2,Draw
69.0,64.6,66.33333333333333,63.0,61.0,61.75,66.0,63.0,1,1,Draw
71.0,79.75,82.5,81.5,70.0,72.25,71.66666666666667,74.66666666666667,2,1,Home
77.0,69.5,71.75,71.5,66.0,68.5,66.5,68.33333333333333,2,2,Draw
63.0,63.0,66.33333333333333,72.33333333333333,66.0,66.75,63.0,67.5,2,2,Draw
69.0,65.75,67.33333333333333,63.333333333333336,70.0,67.6,67.6,70.33333333333333,1,2,Away
68.0,63.4,66.75,69.0,75.0,69.0,66.5,69.25,2,0,Home
72.0,62.0,65.5,81.5,65.0,71.75,69.0,71.33333333333333,0,3,Away
68.0,66.33333333333333,62.0,66.25,88.0,76.25,74.5,63.333333333333336,1,1,Draw
63.0,63.2,66.2,68.0,68.0,67.28571428571429,70.66666666666667,73.0,1,0,Home
88.0,78.0,75.33333333333333,88.0,70.0,64.0,68.6,74.33333333333333,1,1,Draw
61.0,62.66666666666666,65.5,65.33333333333333,70.0,71.2,71.66666666666667,76.0,1,0,Home
71.0,66.16666666666667,70.0,65.0,74.0,71.0,62.75,73.0,5,2,Home
77.0,63.4,71.75,63.333333333333336,68.0,66.57142857142857,70.66666666666667,68.0,0,1,Away
68.0,63.4,66.75,65.0,69.0,65.75,65.75,74.5,1,1,Draw
66.0,68.5,66.5,65.0,71.0,79.75,82.5,67.5,2,0,Home
70.0,64.6,68.6,71.33333333333333,65.0,68.8,69.0,73.0,1,0,Home
61.0,61.25,63.5,64.0,69.0,64.75,66.5,63.5,1,2,Away
86.0,72.6,74.0,76.0,74.0,71.0,62.75,88.0,1,2,Away
69.0,65.2,67.0,65.75,86.0,72.6,75.66666666666667,69.75,2,2,Draw
68.0,66.75,60.66666666666666,66.25,70.0,67.6,74.66666666666667,68.5,0,0,Draw
68.0,66.71428571428571,70.66666666666667,65.33333333333333,75.0,67.75,72.0,67.5,2,2,Draw
88.0,78.4,75.33333333333333,65.0,70.0,67.25,65.0,81.5,2,1,Home
68.0,62.8,66.4,69.25,69.0,65.75,65.75,67.0,2,1,Home
70.0,63.6,69.0,68.0,70.0,67.6,74.66666666666667,74.66666666666667,2,2,Draw
61.0,62.333333333333336,65.5,66.0,65.0,68.4,69.0,71.0,2,3,Away
77.0,69.0,72.75,81.5,66.0,68.4,66.0,66.0,2,1,Home
61.0,63.333333333333336,65.5,68.0,75.0,70.75,75.66666666666667,67.0,2,0,Home
77.0,69.0,72.75,71.33333333333333,66.0,63.0,63.75,69.0,1,1,Draw
66.0,63.0,65.66666666666667,73.0,71.0,72.4,86.0,69.25,2,4,Away
71.0,65.8,68.66666666666667,83.0,74.0,71.0,62.75,74.66666666666667,0,1,Away
69.0,65.75,65.75,63.0,70.0,64.75,72.5,65.0,1,0,Home
68.0,65.16666666666667,70.66666666666667,68.0,71.0,66.5,70.0,83.0,0,0,Draw
73.0,74.0,74.8,67.5,68.0,66.75,60.333333333333336,67.5,1,0,Home
86.0,73.4,75.66666666666667,72.5,75.0,71.0,68.0,71.0,2,3,Away
68.0,63.4,66.75,65.75,61.0,62.0,65.5,68.33333333333333,1,0,Home
50.0,68.75,74.66666666666667,72.5,66.0,68.4,66.0,71.33333333333333,4,3,Home
68.0,63.25,66.75,65.66666666666667,70.0,63.6,69.0,73.66666666666667,1,3,Away
86.0,72.75,73.66666666666667,71.0,74.0,71.0,62.0,67.5,1,1,Draw
66.0,63.0,66.0,63.0,70.0,68.25,65.0,69.25,1,1,Draw
66.0,76.25,78.66666666666667,72.0,88.0,79.0,76.66666666666667,65.0,1,2,Away
68.0,66.75,63.0,88.0,66.0,68.25,69.0,66.0,5,1,Home
69.0,65.75,65.75,81.5,61.0,61.2,65.5,73.0,3,1,Home
61.0,63.5,64.0,65.0,69.0,64.6,68.0,77.0,2,1,Home
75.0,70.75,75.66666666666667,67.0,71.0,65.8,69.0,76.5,1,1,Draw
66.0,68.4,66.5,63.0,70.0,67.75,67.8,66.0,3,1,Home
77.0,69.0,72.75,79.33333333333333,74.0,71.0,62.0,66.0,1,0,Home
61.0,61.333333333333336,64.0,65.66666666666667,50.0,65.8,67.0,68.33333333333333,2,1,Home
71.0,67.2,68.0,76.33333333333333,73.0,74.6,77.8,65.0,1,1,Draw
77.0,69.0,71.5,71.33333333333333,64.5,68.2,69.0,66.0,0,0,Draw
68.0,65.83333333333333,70.66666666666667,66.0,70.0,69.6,72.5,70.0,1,0,Home
66.0,67.4,66.0,65.66666666666667,68.0,65.16666666666667,70.66666666666667,79.0,0,3,Away
62.0,62.0,65.66666666666667,72.66666666666667,69.0,65.8,69.0,71.75,2,1,Home
66.0,65.25,66.33333333333333,69.0,69.0,66.5,67.33333333333333,73.33333333333333,3,1,Home
86.0,73.4,77.33333333333333,72.5,70.0,64.6,69.0,69.33333333333333,1,1,Draw
68.0,63.25,66.75,64.75,74.0,64.8,62.0,65.5,1,1,Draw
64.5,66.6,69.25,71.0,75.0,72.75,75.66666666666667,67.33333333333333,2,0,Home
61.0,63.333333333333336,64.0,72.5,73.0,79.75,81.5,65.0,4,0,Home
64.0,67.0,69.0,72.0,70.0,65.2,74.66666666666667,67.5,2,1,Home
68.0,63.25,66.0,68.75,66.0,80.0,81.25,72.66666666666667,1,1,Draw
70.0,64.6,69.66666666666667,67.5,69.0,65.25,68.5,79.0,2,0,Home
69.0,66.0,68.5,65.66666666666667,70.0,69.6,72.0,67.0,0,0,Draw
75.0,72.25,72.5,81.5,68.0,66.75,63.0,83.0,1,0,Home
66.0,64.6,65.66666666666667,63.0,74.0,64.8,62.0,65.0,0,0,Draw
66.0,80.0,81.25,71.75,69.0,66.5,67.33333333333333,73.33333333333333,1,1,Draw
72.0,61.333333333333336,64.0,65.0,73.0,78.5,82.4,71.33333333333333,1,1,Draw
77.0,69.0,69.75,68.33333333333333,66.0,68.75,69.0,67.5,1,0,Home
68.0,66.75,63.0,63.0,70.0,69.6,72.5,64.33333333333333,0,1,Away
66.0,66.75,63.0,64.33333333333333,86.0,72.5,77.33333333333333,84.0,1,1,Draw
77.0,69.25,69.0,65.0,68.0,67.28571428571429,70.0,74.33333333333333,1,0,Home
68.0,65.66666666666667,61.25,72.5,66.0,66.0,66.0,73.33333333333333,0,3,Away
71.0,66.5,69.0,65.5,61.0,62.333333333333336,65.25,79.33333333333333,2,1,Home
66.0,79.75,81.25,83.0,70.0,64.2,69.0,72.0,2,4,Away
66.0,64.6,65.66666666666667,65.75,70.0,64.6,68.6,69.0,1,1,Draw
73.0,78.5,82.4,72.5,86.0,72.6,75.33333333333333,67.5,1,1,Draw
70.0,64.6,69.66666666666667,67.66666666666667,61.0,62.333333333333336,65.25,68.0,0,0,Draw
68.0,63.6,66.75,69.0,66.0,67.6,69.0,68.0,1,0,Home
86.0,72.4,77.33333333333333,72.5,74.0,66.75,61.0,81.5,2,0,Home
61.0,62.333333333333336,65.25,71.33333333333333,69.0,66.0,67.8,67.5,1,0,Home
70.0,66.0,67.5,67.0,70.0,68.5,72.5,76.5,0,3,Away
77.0,69.25,69.0,83.0,75.0,72.75,72.5,65.66666666666667,1,1,Draw
66.0,64.6,64.0,65.5,68.0,67.28571428571429,69.33333333333333,65.0,0,0,Draw
68.0,66.66666666666667,62.4,84.0,71.0,66.25,69.0,70.75,4,1,Home
68.0,65.0,66.75,64.33333333333333,66.0,67.6,68.5,70.33333333333333,0,0,Draw
68.0,67.28571428571429,68.33333333333333,65.0,74.0,66.75,61.333333333333336,73.0,3,0,Home
55.5,63.25,64.0,80.5,69.0,66.5,64.5,67.0,3,3,Draw
69.0,65.8,66.75,66.0,66.0,77.8,75.33333333333333,74.66666666666667,0,3,Away
86.0,73.33333333333333,78.0,66.5,70.0,68.8,64.66666666666667,66.0,0,1,Away
71.0,67.0,69.0,72.5,71.0,68.5,77.33333333333333,63.0,1,0,Home
68.0,63.5,66.75,65.0,70.0,65.2,65.75,83.0,3,2,Home
74.0,69.75,61.0,66.5,75.0,73.25,75.66666666666667,69.0,3,2,Home
68.0,66.0,66.66666666666667,63.0,66.0,66.75,65.66666666666667,84.0,0,1,Away
86.0,73.2,77.33333333333333,73.0,66.0,67.6,69.0,64.75,1,1,Draw
61.0,62.75,64.0,65.0,70.0,67.0,67.4,74.0,0,0,Draw
69.0,65.8,66.75,65.0,75.0,72.75,75.66666666666667,68.0,3,2,Home
66.0,78.2,81.33333333333333,81.5,70.0,68.25,65.75,74.0,1,0,Home
66.0,64.5,65.66666666666667,67.0,70.0,64.4,73.33333333333333,65.0,0,2,Away
77.0,69.25,72.2,63.0,68.0,66.14285714285714,68.33333333333333,71.25,1,1,Draw
77.0,69.25,72.2,64.66666666666667,66.0,62.0,65.0,70.33333333333333,3,1,Home
66.0,61.75,64.75,72.0,73.0,70.5,83.2,67.66666666666667,2,1,Home
69.0,66.0,66.66666666666667,81.5,69.0,65.75,66.66666666666667,73.0,4,3,Home
68.0,66.0,63.0,65.25,66.0,68.5,65.0,67.5,2,0,Home
66.0,64.0,65.66666666666667,65.0,66.0,67.5,69.0,88.0,1,0,Home
72.0,62.66666666666666,65.33333333333333,82.0,66.0,70.0,66.5,67.33333333333333,1,2,Away
68.0,66.0,64.66666666666667,65.66666666666667,52.0,73.25,71.66666666666667,69.25,1,0,Home
69.0,66.0,66.66666666666667,65.0,70.0,62.66666666666666,64.8,71.0,0,2,Away
69.0,65.25,68.0,65.0,69.0,65.6,66.75,74.66666666666667,2,1,Home
66.0,73.25,82.66666666666667,67.5,68.0,69.66666666666667,64.75,70.0,1,0,Home
68.0,65.5,65.5,67.33333333333333,74.0,69.75,61.0,70.75,3,0,Home
71.0,67.5,68.66666666666667,72.0,61.0,63.5,67.0,65.0,1,1,Draw
66.0,62.4,65.66666666666667,65.5,75.0,66.6,60.666666666666664,75.0,0,0,Draw
86.0,72.6,71.0,65.33333333333333,70.0,64.0,69.0,66.0,1,4,Away
69.0,66.0,65.75,67.33333333333333,70.0,68.75,64.0,72.5,0,1,Away
69.0,65.2,70.0,67.33333333333333,70.0,63.16666666666666,63.6,65.0,0,2,Away
70.0,66.6,68.25,65.0,66.0,69.2,67.0,66.0,1,0,Home
86.0,73.6,74.0,65.0,66.0,68.0,63.333333333333336,71.0,1,1,Draw
68.0,66.2,67.5,76.33333333333333,71.0,74.6,76.4,66.33333333333333,2,4,Away
77.0,69.75,65.5,72.0,66.0,63.333333333333336,65.25,71.0,5,1,Home
66.0,68.0,63.333333333333336,70.66666666666667,66.0,64.0,65.66666666666667,63.333333333333336,3,2,Home
64.0,67.25,60.0,62.0,73.0,69.33333333333333,73.0,88.0,3,2,Home
86.0,72.5,68.5,81.5,70.0,63.16666666666666,64.0,67.5,0,1,Away
66.0,74.0,82.66666666666667,65.0,75.0,67.2,68.0,65.5,0,3,Away
71.0,66.83333333333333,69.0,67.33333333333333,74.0,69.75,63.25,88.0,1,2,Away
77.0,68.0,69.75,65.5,68.0,65.83333333333333,70.66666666666667,64.5,0,1,Away
68.0,62.2,66.75,65.0,61.0,63.25,67.0,68.33333333333333,0,0,Draw
68.0,66.66666666666667,70.0,80.5,65.0,71.2,62.666666666666664,67.5,2,0,Home
66.0,61.333333333333336,63.75,70.0,66.0,63.333333333333336,64.33333333333333,72.0,0,1,Away
66.0,63.4,64.33333333333333,72.5,70.0,63.333333333333336,69.0,64.75,0,0,Draw
64.0,67.5,59.0,63.333333333333336,68.0,65.4,66.5,67.75,1,1,Draw
68.0,66.0,66.25,68.33333333333333,73.0,73.6,78.0,67.0,2,0,Home
86.0,72.0,75.75,75.0,69.0,65.0,66.25,65.0,2,1,Home
61.0,62.75,64.0,76.33333333333333,66.0,74.6,82.66666666666667,68.0,1,0,Home
70.0,64.16666666666667,69.5,71.0,75.0,69.0,70.5,83.0,0,2,Away
61.0,63.25,67.0,72.5,69.0,66.0,65.25,65.0,4,0,Home
68.0,62.8,66.75,65.0,74.0,68.0,63.0,77.0,1,3,Away
69.0,65.75,65.75,70.5,70.0,65.0,66.33333333333333,70.8,0,0,Draw
68.0,65.5,65.5,64.5,66.0,67.4,63.333333333333336,67.33333333333333,1,1,Draw
66.0,65.83333333333333,66.5,65.0,73.0,72.6,77.16666666666667,65.66666666666667,2,1,Home
68.0,66.0,66.25,66.0,70.0,71.0,64.0,59.0,1,1,Draw
69.0,64.8,67.5,67.0,65.0,70.0,64.25,63.333333333333336,0,3,Away
86.0,72.75,74.5,81.5,70.0,65.0,69.0,84.0,1,1,Draw
66.0,61.25,65.0,64.75,70.0,69.0,71.0,71.0,0,0,Draw
64.0,67.25,69.0,65.0,74.0,68.0,63.6,69.0,1,2,Away
86.0,73.6,73.0,64.75,73.0,76.33333333333333,83.0,61.0,0,2,Away
68.0,66.0,67.66666666666667,65.0,75.0,65.25,71.2,71.0,1,1,Draw
61.0,63.0,67.0,68.0,64.0,67.25,69.0,69.0,2,0,Home
65.0,69.4,68.66666666666667,72.0,70.0,64.6,68.6,88.0,4,0,Home
68.0,64.0,66.75,69.0,65.0,71.0,68.66666666666667,67.0,0,1,Away
66.0,61.5,66.25,67.0,77.0,68.0,68.25,68.33333333333333,3,2,Home
69.0,65.2,66.33333333333333,71.0,70.0,68.75,64.0,65.0,2,1,Home
70.0,64.0,69.0,81.5,69.0,65.75,65.75,72.66666666666667,1,0,Home
77.0,70.0,65.25,64.5,88.0,74.6,82.0,72.5,0,0,Draw
75.0,69.25,71.0,68.33333333333333,66.0,66.25,65.0,70.75,1,1,Draw
68.0,62.8,66.75,75.0,74.0,69.75,61.0,68.0,5,0,Home
66.0,61.5,66.0,70.0,70.0,65.0,69.0,73.33333333333333,1,2,Away
88.0,74.6,81.33333333333333,66.66666666666667,66.0,61.0,63.75,68.75,2,0,Home
77.0,69.5,69.8,70.5,75.0,71.5,72.5,64.66666666666667,0,0,Draw
72.0,62.66666666666666,67.0,65.0,73.0,65.6,76.83333333333333,61.0,0,0,Draw
69.0,65.75,66.25,65.0,68.0,64.0,66.5,64.5,1,1,Draw
73.0,73.6,73.6,68.0,70.0,67.75,64.0,72.5,1,2,Away
68.0,66.5,70.66666666666667,68.0,69.0,64.4,69.33333333333333,83.0,1,1,Draw
66.0,61.5,66.0,72.5,86.0,72.8,74.0,72.0,3,2,Home
71.0,66.0,67.0,70.25,71.0,66.8,67.0,70.75,1,3,Away
72.0,62.66666666666666,65.5,65.0,70.0,65.2,67.4,69.5,1,1,Draw
75.0,66.5,65.5,63.333333333333336,68.0,66.0,67.66666666666667,75.0,2,2,Draw
73.0,79.66666666666667,83.0,83.0,66.0,65.2,65.0,71.0,4,0,Home
77.0,60.5,66.2,65.0,65.0,68.75,68.66666666666667,70.0,3,1,Home
86.0,72.75,74.5,64.75,70.0,64.0,67.4,70.0,2,2,Draw
68.0,65.5,63.0,63.5,68.0,66.4,67.5,64.75,1,1,Draw
66.0,61.0,64.75,88.0,69.0,66.5,66.66666666666667,72.66666666666667,1,0,Home
68.0,62.8,66.0,72.0,70.0,64.0,68.2,68.0,3,0,Home
88.0,72.2,80.5,63.333333333333336,65.0,68.4,67.0,67.66666666666667,1,0,Home
86.0,72.75,75.75,68.33333333333333,74.0,69.75,62.0,67.33333333333333,3,3,Draw
68.0,65.83333333333333,69.33333333333333,64.75,88.0,74.6,81.25,68.0,1,1,Draw
66.0,63.333333333333336,65.66666666666667,68.33333333333333,70.0,65.8,65.5,70.5,3,2,Home
71.0,66.75,67.25,88.0,69.0,65.0,65.66666666666667,64.66666666666667,2,2,Draw
68.0,63.25,66.4,65.33333333333333,68.0,66.5,65.0,89.0,0,0,Draw
70.0,63.0,72.4,76.0,66.0,65.5,66.0,66.0,2,1,Home
77.0,69.5,69.75,72.0,69.0,64.8,70.0,68.0,1,0,Home
68.0,66.4,67.5,64.5,72.0,62.333333333333336,65.5,71.25,5,1,Home
66.0,62.8,64.5,65.0,66.0,65.2,66.5,68.66666666666667,1,0,Home
72.0,62.333333333333336,65.5,71.0,75.0,71.5,72.66666666666667,68.0,1,0,Home
68.0,63.25,66.4,76.0,74.0,68.0,62.0,64.75,2,0,Home
71.0,66.75,63.4,72.0,70.0,67.0,67.0,68.66666666666667,2,0,Home
66.0,61.75,66.0,62.0,70.0,68.5,64.66666666666667,74.0,2,3,Away
66.0,65.2,66.5,63.0,69.0,66.5,65.0,64.66666666666667,1,0,Home
86.0,73.0,73.0,65.0,73.0,73.6,76.4,68.0,1,0,Home
66.0,62.0,67.5,70.0,65.0,68.75,68.66666666666667,71.25,2,3,Away
70.0,64.2,68.8,72.5,75.0,71.5,75.66666666666667,67.33333333333333,0,2,Away
68.0,66.25,60.66666666666666,71.33333333333333,77.0,69.75,66.5,88.0,4,0,Home
74.0,68.0,61.0,63.333333333333336,68.0,65.0,65.4,72.66666666666667,2,2,Draw
72.0,63.333333333333336,65.5,64.75,69.0,64.8,65.66666666666667,73.33333333333333,2,0,Home
66.0,62.8,67.33333333333333,65.0,73.0,79.66666666666667,80.2,72.5,2,0,Home
88.0,71.2,75.33333333333333,72.0,88.0,68.4,75.33333333333333,73.0,1,0,Home
71.0,66.75,63.4,62.0,69.0,65.75,66.66666666666667,68.0,1,0,Home
63.0,64.2,69.33333333333333,68.0,70.0,64.6,70.4,88.0,2,4,Away
68.0,63.25,66.4,77.0,65.0,70.0,68.5,83.0,0,3,Away
68.0,65.75,60.66666666666666,65.66666666666667,70.0,68.0,71.0,67.33333333333333,0,1,Away
68.0,73.2,69.33333333333333,68.0,66.0,64.0,65.0,70.5,2,0,Home
68.0,67.5,69.0,71.33333333333333,69.0,65.75,66.25,72.66666666666667,1,2,Away
86.0,73.4,73.66666666666667,65.0,65.0,69.6,68.5,69.75,1,0,Home
68.0,65.66666666666667,61.0,62.0,75.0,68.5,72.5,68.0,0,3,Away
86.0,72.4,75.66666666666667,77.0,70.0,62.75,68.5,68.0,1,0,Home
72.0,62.333333333333336,64.0,72.0,70.0,64.6,72.6,72.66666666666667,0,1,Away
69.0,65.8,66.75,68.0,73.0,74.6,76.16666666666667,63.333333333333336,0,0,Draw
71.0,66.8,62.66666666666666,65.0,70.0,69.25,72.33333333333333,75.0,0,1,Away
77.0,69.5,70.25,71.33333333333333,74.0,65.5,62.0,65.0,0,0,Draw
68.0,65.33333333333333,66.75,72.5,70.0,65.2,70.6,70.5,3,2,Home
62.0,65.75,65.75,72.5,68.0,67.28571428571429,67.33333333333333,84.0,2,0,Home
66.0,62.25,65.66666666666667,80.5,88.0,65.4,68.5,73.33333333333333,1,2,Away
66.0,64.25,65.0,62.666666666666664,73.0,73.6,77.5,66.0,0,1,Away
66.0,64.25,67.0,71.33333333333333,70.0,67.25,67.8,70.5,2,1,Home
71.0,70.5,70.6,80.5,70.0,68.75,64.66666666666667,73.0,3,1,Home
64.0,62.25,64.5,65.75,66.0,63.25,65.66666666666667,72.66666666666667,0,1,Away
68.0,64.25,65.66666666666667,71.0,65.0,68.6,68.5,74.0,0,1,Away
65.0,62.85714285714285,70.5,67.5,75.0,71.5,71.66666666666667,65.0,0,0,Draw
63.0,63.25,63.0,72.5,74.0,63.75,63.5,71.25,1,1,Draw
68.0,60.5,62.0,58.5,68.0,68.2,70.0,62.0,2,0,Home
62.0,61.75,60.75,68.0,61.0,63.25,64.25,72.66666666666667,0,2,Away
55.0,65.75,63.66666666666666,63.666666666666664,81.0,74.2,76.0,73.0,2,2,Draw
62.0,60.25,61.0,68.0,71.0,68.6,64.33333333333333,67.5,0,1,Away
55.0,63.0,63.5,63.5,65.0,61.5,61.0,71.0,1,1,Draw
81.0,75.2,76.0,66.0,68.0,62.25,67.0,70.0,2,1,Home
68.0,64.25,65.66666666666667,62.666666666666664,61.0,60.333333333333336,61.333333333333336,73.25,0,0,Draw
71.0,68.6,64.75,64.0,67.0,63.75,68.66666666666667,62.0,3,2,Home
62.0,60.8,62.5,71.5,68.0,63.0,64.0,61.0,2,4,Away
64.0,62.25,63.66666666666666,59.5,71.0,70.0,70.33333333333333,62.333333333333336,2,2,Draw
65.0,64.66666666666667,70.66666666666667,65.0,68.0,62.25,67.0,64.5,1,2,Away
65.0,61.5,61.0,62.0,61.0,60.333333333333336,62.5,71.33333333333333,5,1,Home
65.0,64.66666666666667,70.66666666666667,68.33333333333333,63.0,63.5,63.25,64.0,2,1,Home
68.0,64.25,65.66666666666667,59.0,67.0,63.75,69.0,67.5,2,2,Draw
81.0,75.2,76.0,66.5,66.0,64.25,68.4,63.333333333333336,1,4,Away
65.0,61.333333333333336,61.0,65.66666666666667,68.0,66.75,68.75,63.666666666666664,1,1,Draw
66.0,63.5,67.4,64.0,68.0,63.0,62.333333333333336,59.5,1,2,Away
68.0,62.25,67.0,65.0,61.0,63.0,64.66666666666667,68.5,1,1,Draw
55.0,63.2,65.5,63.25,62.0,60.8,62.5,72.0,2,0,Home
63.0,63.2,64.33333333333333,64.5,71.0,70.5,70.0,67.0,1,1,Draw
68.0,63.333333333333336,62.333333333333336,71.5,71.0,68.6,64.75,62.5,3,0,Home
62.0,60.0,64.0,61.0,62.0,62.25,60.666666666666664,69.0,2,0,Home
68.0,64.25,65.66666666666667,71.5,64.0,59.8,63.5,62.5,3,3,Draw
65.0,64.57142857142857,70.5,65.0,61.0,63.0,65.33333333333333,67.66666666666667,2,0,Home
63.0,63.2,64.33333333333333,72.14285714285714,68.0,68.2,69.0,65.0,3,1,Home
66.0,61.25,68.75,59.0,67.0,64.25,70.0,60.666666666666664,0,1,Away
67.0,65.4,65.5,72.0,61.0,62.75,61.0,58.0,4,1,Home
62.0,59.0,60.66666666666666,63.333333333333336,71.0,70.5,73.66666666666667,69.0,1,3,Away
68.0,68.2,68.0,65.0,67.0,66.0,70.0,71.0,0,0,Draw
65.0,61.6,61.0,60.5,71.0,67.5,65.75,68.5,2,2,Draw
68.0,67.6,69.0,65.0,64.0,59.8,63.5,61.0,2,0,Home
62.0,62.0,58.66666666666666,63.0,68.0,62.75,65.66666666666667,67.75,1,1,Draw
66.0,64.5,68.75,64.0,81.0,75.2,76.0,68.5,0,0,Draw
65.0,62.4,61.0,71.5,61.0,63.5,65.33333333333333,66.0,3,0,Home
65.0,66.6,71.5,57.0,68.0,63.333333333333336,61.333333333333336,58.0,3,0,Home
63.0,63.5,63.75,68.5,61.0,60.333333333333336,61.666666666666664,62.333333333333336,1,0,Home
71.0,70.0,73.66666666666667,64.0,81.0,74.2,75.33333333333333,72.14285714285714,1,4,Away
68.0,64.25,65.66666666666667,60.0,71.0,66.0,66.0,69.5,2,2,Draw
68.0,62.75,67.0,71.0,67.0,66.0,68.0,65.0,2,0,Home
65.0,64.66666666666667,70.66666666666667,59.5,62.0,65.0,64.0,63.5,2,2,Draw
68.0,64.25,65.66666666666667,71.0,64.0,62.25,61.0,79.75,2,3,Away
62.0,61.6,64.0,61.0,67.0,63.0,63.666666666666664,66.0,0,1,Away
65.0,61.2,61.0,68.5,61.0,59.8,61.0,69.0,2,2,Draw
71.0,68.8,64.33333333333333,61.5,61.0,63.5,66.0,61.42857142857143,0,1,Away
62.0,62.0,60.66666666666666,71.5,68.0,63.2,61.0,64.0,2,2,Draw
68.0,62.75,63.75,62.0,68.0,67.6,69.0,66.66666666666667,0,0,Draw
71.0,69.8,71.25,68.33333333333333,67.0,63.0,63.666666666666664,62.666666666666664,0,0,Draw
66.0,63.5,67.8,64.0,64.0,62.25,61.0,69.0,1,2,Away
71.0,68.6,64.0,63.0,63.0,63.5,63.75,59.666666666666664,2,2,Draw
65.0,61.2,61.0,70.0,61.0,59.6,60.5,71.0,0,1,Away
65.0,64.4,67.66666666666667,64.0,68.0,61.8,60.0,63.333333333333336,1,0,Home
63.0,63.25,63.25,62.4,67.0,66.0,65.2,64.0,5,3,Home
64.0,62.25,61.0,61.0,81.0,75.2,75.0,62.0,2,1,Home
68.0,64.25,65.66666666666667,63.5,61.0,63.75,65.33333333333333,64.0,2,1,Home
67.0,62.8,62.333333333333336,61.0,68.0,61.8,60.0,64.33333333333333,0,1,Away
68.0,61.6,62.5,62.0,81.0,79.75,77.0,58.0,0,0,Draw
62.0,62.0,58.66666666666666,67.5,71.0,69.0,68.5,72.71428571428571,4,0,Home
68.0,61.6,62.5,72.0,66.0,63.5,69.5,69.0,1,2,Away
62.0,62.25,57.333333333333336,66.0,68.0,62.75,67.0,64.33333333333333,0,1,Away
65.0,63.0,68.66666666666667,61.0,68.0,68.2,70.0,71.875,0,0,Draw
68.0,64.25,64.33333333333333,71.5,61.0,63.75,65.33333333333333,69.5,3,2,Home
66.0,63.5,69.5,59.5,67.0,66.0,69.5,68.5,0,2,Away
64.0,61.25,61.0,62.5,61.0,62.75,62.0,62.333333333333336,0,3,Away
81.0,75.2,76.0,62.5,61.0,63.333333333333336,70.5,69.0,2,0,Home
63.0,63.5,64.33333333333333,63.25,61.0,59.25,65.33333333333333,64.0,3,1,Home
71.0,70.0,67.33333333333333,60.0,71.0,67.0,62.0,63.0,3,0,Home
81.0,73.25,76.0,61.5,67.0,65.0,64.33333333333333,71.0,1,2,Away
68.0,63.0,64.66666666666667,58.666666666666664,71.0,68.5,58.0,65.0,0,1,Away
64.0,58.4,61.66666666666666,71.5,67.0,63.75,67.33333333333333,59.333333333333336,1,3,Away
65.0,60.0,61.0,65.0,71.0,67.0,69.5,63.5,1,1,Draw
65.0,61.2,68.0,68.5,68.0,67.6,64.0,66.0,1,1,Draw
68.0,63.333333333333336,62.0,62.333333333333336,68.0,62.16666666666666,68.5,67.66666666666667,3,3,Draw
61.0,63.8,59.333333333333336,63.0,66.0,63.5,60.0,68.5,3,0,Home
65.0,61.2,61.0,71.42857142857143,67.0,63.5,69.5,63.5,1,3,Away
68.0,63.25,62.0,61.333333333333336,67.0,63.2,69.0,71.0,0,0,Draw
64.0,58.4,61.66666666666666,67.66666666666667,62.0,62.25,63.5,64.0,1,0,Home
68.0,64.25,65.66666666666667,70.0,68.0,62.75,57.333333333333336,68.5,3,0,Home
65.0,62.333333333333336,68.66666666666667,64.0,61.0,62.75,67.0,68.5,1,0,Home
62.0,62.0,56.5,58.666666666666664,68.0,68.75,61.5,64.66666666666667,2,1,Home
68.0,63.0,63.75,61.0,71.0,68.6,68.33333333333333,61.333333333333336,1,2,Away
67.0,63.5,68.75,71.0,61.0,63.8,64.33333333333333,62.333333333333336,2,1,Home
68.0,63.0,63.75,62.666666666666664,81.0,74.2,65.0,63.0,2,0,Home
64.0,58.4,63.66666666666666,69.5,66.0,63.5,75.0,68.33333333333333,1,1,Draw
66.0,62.5,69.4,61.0,63.0,63.25,69.4,66.0,0,1,Away
62.0,62.0,59.5,62.666666666666664,61.0,62.75,64.33333333333333,69.5,4,0,Home
65.0,63.0,66.5,62.333333333333336,81.0,78.25,62.0,78.25,1,0,Home
68.0,68.75,69.66666666666667,71.0,71.0,70.5,75.0,61.333333333333336,2,0,Home
65.0,60.0,61.0,60.333333333333336,67.0,62.8,64.0,58.0,0,0,Draw
63.0,63.0,64.33333333333333,62.5,68.0,64.25,72.0,72.71428571428571,3,0,Home
68.0,61.25,63.75,68.5,61.0,63.4,58.0,62.0,1,1,Draw
65.0,63.0,66.5,62.5,67.0,63.5,65.66666666666667,67.66666666666667,3,0,Home
81.0,77.33333333333333,74.66666666666667,59.666666666666664,61.0,62.75,66.0,66.0,0,0,Draw
65.0,61.5,60.0,65.0,68.0,69.33333333333333,70.0,65.0,0,0,Draw
66.0,62.5,69.5,70.0,61.0,63.8,62.666666666666664,71.5,2,0,Home
62.0,62.0,59.5,64.66666666666667,64.0,58.4,69.25,62.666666666666664,0,1,Away
67.0,61.75,62.333333333333336,71.0,71.0,67.6,64.33333333333333,67.0,2,0,Home
65.0,63.0,70.0,61.5,61.0,59.8,64.66666666666667,61.0,0,0,Draw
65.0,61.8,60.0,61.333333333333336,68.0,62.25,61.75,69.5,1,2,Away
71.0,70.0,72.5,62.5,67.0,62.0,64.0,63.0,0,0,Draw
62.0,62.0,59.5,73.0,81.0,73.0,62.5,66.0,0,0,Draw
66.0,61.25,69.5,72.28571428571429,71.0,66.4,62.0,63.0,0,3,Away
68.0,62.5,65.66666666666667,61.0,68.0,63.333333333333336,66.2,65.0,1,0,Home
68.0,61.0,63.0,67.5,64.0,59.0,76.66666666666667,65.5,1,0,Home
68.0,65.66666666666667,68.75,68.5,67.0,59.75,64.5,79.75,1,1,Draw
61.0,63.5,65.33333333333333,57.666666666666664,68.0,61.75,58.0,67.0,3,1,Home
65.0,60.5,59.333333333333336,64.0,63.0,63.0,62.25,63.333333333333336,0,1,Away
61.0,62.4,66.0,70.0,61.0,62.2,58.0,59.5,5,2,Home
67.0,65.0,61.5,61.5,67.0,63.0,63.75,66.33333333333333,0,3,Away
68.0,60.75,62.333333333333336,68.0,68.0,61.8,65.5,62.5,1,1,Draw
68.0,64.25,65.25,60.333333333333336,68.0,62.833333333333336,63.333333333333336,57.666666666666664,2,3,Away
63.0,63.0,63.75,68.5,71.0,68.6,70.0,62.0,0,2,Away
62.0,62.0,59.5,64.0,68.0,68.75,68.0,70.33333333333333,1,3,Away
71.0,70.5,68.0,63.0,65.0,59.8,58.0,62.333333333333336,0,0,Draw
65.0,63.833333333333336,66.66666666666667,71.0,81.0,76.33333333333333,63.666666666666664,64.0,1,0,Home
64.0,62.0,62.25,69.5,66.0,61.25,69.33333333333333,63.5,3,1,Home
67.0,63.0,63.5,61.0,67.0,63.0,60.0,68.33333333333333,1,1,Draw
68.0,62.5,62.333333333333336,69.5,68.0,62.75,76.0,60.333333333333336,2,1,Home
68.0,59.25,63.66666666666666,63.25,61.0,62.75,69.2,77.6,3,2,Home
68.0,60.75,61.333333333333336,63.25,71.0,67.8,69.5,72.0,1,0,Home
65.0,64.66666666666667,70.66666666666667,65.0,68.0,62.4,68.5,71.5,3,0,Home
65.0,61.8,60.333333333333336,63.0,71.0,68.8,63.0,62.333333333333336,0,2,Away
64.0,64.75,62.333333333333336,60.333333333333336,68.0,74.8,71.33333333333333,59.666666666666664,2,0,Home
67.0,65.4,65.5,67.66666666666667,67.0,64.75,61.0,67.66666666666667,2,0,Home
68.0,64.25,63.0,70.0,66.0,61.25,64.25,63.333333333333336,2,0,Home
68.0,67.6,68.0,59.5,71.0,69.8,76.0,67.0,1,1,Draw
63.0,62.75,63.75,63.25,61.0,62.25,69.0,69.28571428571429,3,0,Home
65.0,63.6,67.0,64.0,62.0,62.0,69.2,68.5,1,1,Draw
63.0,63.0,62.0,62.5,61.0,63.8,71.33333333333333,72.0,0,0,Draw
71.0,65.2,64.5,63.25,68.0,64.6,63.0,67.66666666666667,2,1,Home
64.0,60.6,62.333333333333336,70.0,67.0,65.4,59.5,62.666666666666664,1,2,Away
65.0,62.4,59.333333333333336,61.5,68.0,67.6,66.0,60.333333333333336,0,0,Draw
62.0,62.0,59.5,64.5,61.0,63.5,63.0,69.5,2,4,Away
68.0,64.25,65.66666666666667,66.66666666666667,68.0,73.25,65.5,61.333333333333336,3,0,Home
67.0,64.6,68.33333333333333,65.0,68.0,64.6,68.5,66.66666666666667,0,1,Away
68.0,64.25,63.333333333333336,71.0,71.0,67.8,65.33333333333333,68.33333333333333,2,1,Home
65.0,61.5,60.333333333333336,61.5,68.0,59.25,76.0,69.0,2,1,Home
68.0,61.5,64.0,70.0,68.0,61.0,61.0,71.125,0,1,Away
71.0,68.6,69.0,61.5,61.0,60.333333333333336,70.66666666666667,64.0,3,1,Home
68.0,62.25,68.33333333333333,62.0,64.0,63.5,67.0,68.5,2,0,Home
63.0,63.25,61.75,63.666666666666664,67.0,65.4,61.666666666666664,63.25,1,2,Away
66.0,61.5,69.2,61.5,68.0,59.25,62.333333333333336,59.5,2,1,Home
65.0,64.4,72.0,57.666666666666664,71.0,65.4,67.5,63.666666666666664,0,1,Away
71.0,66.2,74.33333333333333,65.0,81.0,79.33333333333333,65.5,70.33333333333333,0,2,Away
65.0,62.8,67.66666666666667,71.0,61.0,63.0,63.666666666666664,66.66666666666667,0,0,Draw
68.0,66.0,68.0,64.0,68.0,64.0,63.666666666666664,62.5,4,0,Home
68.0,64.25,65.25,61.0,61.0,60.5,76.0,63.5,1,3,Away
63.0,63.0,63.5,61.5,68.0,64.0,65.33333333333333,70.375,1,0,Home
81.0,73.25,75.5,69.0,61.0,63.0,61.0,69.0,1,1,Draw
66.0,61.8,69.75,68.33333333333333,67.0,63.75,62.333333333333336,64.0,2,0,Home
62.0,62.25,60.0,61.0,68.0,61.75,61.0,62.666666666666664,3,1,Home
67.0,65.0,67.66666666666667,72.0,71.0,69.0,67.0,69.0,2,1,Home
65.0,62.0,58.333333333333336,71.0,64.0,57.333333333333336,63.666666666666664,71.0,1,2,Away
62.0,63.0,64.0,67.5,61.0,60.0,65.5,61.5,1,1,Draw
63.0,64.25,65.66666666666667,66.0,67.0,61.75,62.0,66.0,2,0,Home
66.0,59.4,62.333333333333336,65.0,71.0,66.0,62.5,60.5,2,0,Home
68.0,66.5,62.0,60.0,68.0,67.6,62.333333333333336,63.0,3,1,Home
68.0,70.25,75.0,71.0,68.0,64.0,67.0,60.5,0,2,Away
71.0,59.4,63.0,72.0,64.0,61.0,70.25,71.0,3,0,Home
81.0,58.25,63.66666666666666,61.666666666666664,68.0,61.75,70.0,66.33333333333333,0,1,Away
68.0,64.25,65.25,63.333333333333336,81.0,69.0,61.0,64.66666666666667,1,2,Away
68.0,60.66666666666666,61.5,73.0,61.0,61.6,60.6,60.666666666666664,2,3,Away
68.0,65.4,69.5,62.0,61.0,60.0,68.5,59.0,2,2,Draw
67.0,65.2,64.33333333333333,72.0,71.0,63.75,60.0,78.0,1,1,Draw
62.0,63.5,64.6,65.0,67.0,67.6,62.0,64.5,3,3,Draw
65.0,59.8,60.66666666666666,61.0,68.0,62.5,62.0,62.0,0,0,Draw
61.0,66.6,62.0,64.66666666666667,66.0,65.0,67.0,66.0,2,2,Draw
62.0,62.5,65.25,72.16666666666667,71.0,59.5,69.66666666666667,71.0,0,0,Draw
71.0,63.0,62.333333333333336,62.25,64.0,63.25,69.5,67.0,0,2,Away
68.0,59.5,61.75,61.5,63.0,60.5,63.0,68.0,1,2,Away
63.0,65.0,67.66666666666667,63.5,61.0,68.5,61.75,67.0,0,1,Away
64.0,63.5,70.66666666666667,59.5,71.0,69.4,63.0,58.0,2,1,Home
65.0,66.25,67.66666666666667,63.0,76.0,63.75,63.0,62.0,4,0,Home
68.0,63.25,62.333333333333336,73.0,65.0,65.0,76.0,67.66666666666667,1,0,Home
67.0,59.2,62.333333333333336,69.0,67.0,62.0,61.0,79.25,1,2,Away
63.0,64.25,64.5,63.0,61.0,67.6,66.75,58.0,1,1,Draw
62.0,63.5,68.0,66.0,68.0,60.5,65.0,71.0,2,3,Away
65.0,64.8,65.75,65.0,61.0,62.5,68.5,63.5,3,1,Home
62.0,59.8,61.0,61.5,68.0,73.25,60.0,67.0,3,1,Home
71.0,60.75,62.0,58.0,66.0,69.0,69.33333333333333,62.0,1,1,Draw
65.0,59.0,59.5,68.33333333333333,81.0,58.333333333333336,68.5,64.66666666666667,0,1,Away
64.0,59.833333333333336,63.0,71.5,68.0,62.0,76.0,68.0,2,0,Home
62.0,64.25,64.25,62.333333333333336,61.0,64.8,63.0,68.625,1,2,Away
68.0,63.0,62.5,68.33333333333333,68.0,64.25,60.333333333333336,66.66666666666667,2,3,Away
56.0,64.0,71.5,60.333333333333336,61.0,65.0,67.0,63.0,1,2,Away
55.0,68.0,70.66666666666667,62.0,67.0,58.5,64.33333333333333,64.0,1,0,Home
71.0,71.4,77.0,70.0,67.0,66.6,67.66666666666667,66.66666666666667,0,2,Away
65.0,61.25,67.5,63.0,64.0,62.0,61.75,66.33333333333333,1,0,Home
66.0,60.5,60.333333333333336,59.5,61.0,59.0,64.25,69.0,3,0,Home
59.0,62.25,68.4,58.0,71.0,59.75,67.0,67.0,1,1,Draw
65.0,64.25,65.25,62.0,68.0,70.2,70.5,64.0,3,1,Home
66.0,65.0,67.66666666666667,63.333333333333336,68.0,69.0,62.75,63.25,1,3,Away
68.0,59.5,67.0,63.5,67.0,59.75,61.0,64.66666666666667,1,2,Away
67.0,61.8,57.66666666666666,61.666666666666664,61.0,62.2,76.0,61.0,0,1,Away
68.0,58.5,62.0,71.0,81.0,68.8,64.66666666666667,78.75,0,3,Away
62.0,67.75,69.66666666666667,67.66666666666667,71.0,59.2,64.5,67.66666666666667,1,2,Away
64.0,62.75,67.0,59.5,61.0,66.5,62.5,69.5,2,3,Away
68.0,64.25,65.66666666666667,77.6,63.0,59.75,63.333333333333336,61.666666666666664,4,1,Home
68.0,58.5,62.0,68.0,71.0,67.75,62.5,66.0,0,0,Draw
64.0,63.5,68.4,58.0,68.0,65.75,61.333333333333336,71.0,3,1,Home
63.0,60.16666666666666,63.0,72.0,67.0,60.4,69.66666666666667,63.0,0,0,Draw
66.0,59.6,60.333333333333336,63.5,61.0,62.0,63.333333333333336,71.0,1,5,Away
68.0,71.4,74.66666666666667,65.66666666666667,68.0,65.5,67.66666666666667,66.0,0,1,Away
65.0,63.75,71.5,63.333333333333336,71.0,61.8,61.333333333333336,62.333333333333336,1,0,Home
76.0,65.4,67.66666666666667,63.0,67.0,63.5,68.75,63.0,0,3,Away
59.0,67.25,69.33333333333333,58.0,61.0,60.4,67.33333333333333,68.5,2,2,Draw
67.0,60.75,63.0,68.33333333333333,67.0,68.8,57.666666666666664,67.66666666666667,0,2,Away
68.0,64.25,65.25,63.333333333333336,71.0,63.5,60.0,63.0,1,2,Away
68.0,60.2,60.333333333333336,65.0,62.0,63.25,61.333333333333336,69.5,2,1,Home
68.0,63.75,67.66666666666667,58.0,61.0,57.0,63.333333333333336,63.0,1,2,Away
59.0,61.8,57.66666666666666,72.0,61.0,63.5,64.33333333333333,72.0,0,2,Away
60.0,67.0,67.66666666666667,62.0,71.0,61.5,62.0,61.666666666666664,1,0,Home
71.0,63.0,67.66666666666667,73.0,66.0,64.75,58.666666666666664,76.4,2,0,Home
66.0,67.0,64.33333333333333,71.0,63.0,60.833333333333336,69.66666666666667,69.5,1,0,Home
67.0,61.8,64.33333333333333,68.5,64.0,60.8,63.666666666666664,70.33333333333333,2,2,Draw
59.0,64.25,63.5,67.33333333333333,81.0,59.25,58.666666666666664,63.5,0,1,Away
63.0,61.0,63.0,63.5,67.0,71.4,60.333333333333336,62.0,1,3,Away
68.0,61.75,66.75,58.5,71.0,67.25,68.0,63.0,1,3,Away
71.0,62.5,68.2,71.5,61.0,66.5,63.666666666666664,63.333333333333336,1,1,Draw
68.0,63.0,64.0,62.666666666666664,62.0,68.8,76.0,58.0,2,1,Home
67.0,64.25,63.333333333333336,62.0,61.0,75.66666666666667,69.0,80.5,2,2,Draw
66.0,67.0,67.66666666666667,67.66666666666667,68.0,62.25,66.33333333333333,65.25,2,6,Away
63.0,56.5,61.66666666666666,72.0,64.0,64.75,64.0,67.0,2,1,Home
68.0,67.75,69.66666666666667,71.5,68.0,65.0,57.666666666666664,77.66666666666667,2,1,Home
64.0,61.5,67.0,63.5,71.0,60.0,67.0,70.33333333333333,2,5,Away
68.0,63.5,59.333333333333336,67.0,71.0,68.6,67.66666666666667,63.333333333333336,0,3,Away
68.0,60.25,60.5,61.5,68.0,58.833333333333336,60.25,68.33333333333333,0,2,Away
62.0,62.75,64.66666666666667,72.0,67.0,62.6,62.0,63.0,0,2,Away
67.0,78.25,83.0,61.0,68.0,65.0,61.0,63.5,1,2,Away
61.0,64.66666666666667,64.66666666666667,64.0,67.0,65.6,67.0,64.5,2,0,Home
65.0,74.25,74.75,71.5,61.0,65.5,64.33333333333333,62.666666666666664,3,1,Home
68.0,69.25,66.5,58.0,61.0,64.0,67.66666666666667,61.0,1,1,Draw
68.0,73.8,75.33333333333333,61.5,71.0,65.75,64.33333333333333,65.0,1,1,Draw
64.0,67.25,66.0,67.33333333333333,61.0,73.25,69.0,70.5,4,3,Home
78.0,60.333333333333336,63.0,68.5,68.0,68.0,69.0,65.5,2,0,Home
62.0,65.0,66.75,69.0,63.0,66.6,73.5,66.5,1,3,Away
69.0,73.25,74.5,58.5,67.0,67.2,59.4,72.66666666666667,0,0,Draw
69.0,72.75,73.75,62.666666666666664,63.0,67.25,68.75,63.0,0,0,Draw
63.0,60.16666666666666,63.0,64.0,70.0,63.16666666666666,69.33333333333333,66.5,2,1,Home
63.0,68.0,68.5,84.25,68.0,68.6,65.66666666666667,73.0,1,2,Away
63.0,61.2,62.0,66.5,68.0,65.8,61.0,65.0,3,1,Home
66.0,64.0,64.66666666666667,71.5,66.0,66.0,59.6,68.75,1,1,Draw
78.0,73.8,75.33333333333333,68.25,66.0,66.75,65.66666666666667,63.0,0,1,Away
63.0,64.66666666666667,64.66666666666667,74.0,69.0,66.25,63.666666666666664,65.0,4,3,Home
62.0,65.8,69.66666666666667,68.75,70.0,78.25,70.0,70.5,0,4,Away
63.0,72.0,75.0,61.666666666666664,69.0,64.6,68.75,67.0,4,4,Draw
68.0,64.66666666666667,64.66666666666667,57.333333333333336,69.0,60.6,69.0,66.5,1,0,Home
69.0,66.0,70.0,64.5,66.0,63.16666666666666,83.0,65.5,1,2,Away
64.0,73.8,75.33333333333333,71.0,69.0,67.75,66.75,84.0,3,2,Home
70.0,78.25,83.0,71.5,63.0,60.57142857142857,61.25,54.0,5,0,Home
78.0,68.0,68.5,60.0,68.0,66.25,59.6,65.0,2,0,Home
64.0,65.2,66.0,69.0,69.0,67.25,69.75,63.0,1,0,Home
68.0,66.5,68.33333333333333,63.0,70.0,65.8,63.0,61.0,4,1,Home
69.0,73.25,74.5,65.5,64.0,64.75,67.33333333333333,57.5,5,1,Home
64.0,73.8,74.0,74.0,63.0,68.6,67.0,65.5,1,1,Draw
62.0,66.0,68.33333333333333,66.5,63.0,79.33333333333333,63.666666666666664,68.75,1,4,Away
63.0,73.75,75.0,73.0,66.0,63.16666666666666,64.66666666666667,65.0,1,0,Home
70.0,64.0,64.0,71.33333333333333,69.0,68.25,66.0,63.666666666666664,2,3,Away
66.0,64.8,66.0,65.0,63.0,66.6,80.33333333333333,65.66666666666667,1,2,Away
69.0,64.2,66.5,66.5,62.0,67.25,59.6,83.25,0,3,Away
70.0,68.4,66.0,74.0,69.0,72.0,68.5,63.0,3,1,Home
78.0,60.16666666666666,61.5,84.0,63.0,68.0,70.0,67.75,1,1,Draw
68.0,60.66666666666666,63.5,68.25,68.0,66.25,66.0,66.5,2,2,Draw
63.0,59.5,63.0,63.0,69.0,65.8,73.33333333333333,70.33333333333333,2,2,Draw
64.0,63.66666666666666,63.5,68.0,64.0,67.25,69.2,70.66666666666667,3,1,Home
69.0,78.5,81.0,71.0,66.0,65.0,67.33333333333333,61.0,5,1,Home
63.0,73.75,72.75,74.0,62.0,63.16666666666666,63.666666666666664,66.0,1,2,Away
63.0,66.0,67.75,61.0,68.0,68.0,66.0,60.0,5,0,Home
63.0,66.6,70.0,71.33333333333333,69.0,72.0,65.25,70.33333333333333,4,0,Home
64.0,64.75,64.0,65.0,66.0,68.6,60.0,64.5,1,1,Draw
64.0,66.0,66.33333333333333,65.0,69.0,65.0,69.75,64.0,0,3,Away
78.0,73.8,75.33333333333333,65.33333333333333,62.0,68.0,73.33333333333333,61.0,2,2,Draw
62.0,73.75,72.75,65.0,63.0,60.66666666666666,65.66666666666667,69.33333333333333,1,1,Draw
68.0,66.75,67.5,61.5,69.0,66.75,64.0,67.5,2,4,Away
68.0,60.66666666666666,63.5,63.0,63.0,63.16666666666666,65.5,66.5,1,3,Away
70.0,64.25,64.0,61.0,66.0,68.4,61.666666666666664,69.0,1,3,Away
69.0,73.8,75.33333333333333,66.33333333333333,69.0,66.25,69.75,65.0,3,0,Home
78.0,79.33333333333333,80.33333333333333,81.75,66.0,64.4,59.6,65.5,2,1,Home
62.0,66.6,67.5,70.0,69.0,72.0,66.0,63.0,3,3,Draw
63.0,60.66666666666666,61.5,64.0,63.0,68.0,66.0,66.33333333333333,4,2,Home
68.0,63.66666666666666,63.0,66.5,62.0,64.75,66.0,69.66666666666667,3,1,Home
69.0,64.4,65.33333333333333,65.0,63.0,68.0,73.33333333333333,63.0,2,1,Home
64.0,60.66666666666666,61.5,68.0,68.0,66.75,69.2,70.66666666666667,7,0,Home
70.0,72.75,72.66666666666667,74.0,66.0,63.16666666666666,63.5,64.0,1,0,Home
63.0,71.75,72.5,73.5,69.0,68.4,65.5,66.5,0,1,Away
64.0,66.25,66.0,66.0,69.0,63.333333333333336,67.5,69.0,0,2,Away
63.0,66.6,69.0,63.0,63.0,68.0,63.0,66.0,2,1,Home
63.0,78.25,83.0,63.75,66.0,64.0,66.0,64.66666666666667,0,0,Draw
78.0,66.8,66.33333333333333,74.0,69.0,66.25,59.6,67.5,4,1,Home
66.0,73.8,75.33333333333333,84.25,63.0,60.66666666666666,69.2,63.0,1,3,Away
69.0,72.75,73.75,68.0,62.0,64.25,64.66666666666667,64.0,1,3,Away
68.0,60.6,61.5,61.5,62.0,64.6,66.5,64.0,1,0,Home
64.0,67.0,67.0,66.33333333333333,64.0,72.0,63.5,69.0,0,2,Away
70.0,66.33333333333333,66.33333333333333,62.5,69.0,63.333333333333336,64.0,63.0,0,3,Away
69.0,79.66666666666667,80.33333333333333,61.5,66.0,66.2,64.33333333333333,63.333333333333336,2,2,Draw
78.0,68.4,66.66666666666667,71.0,69.0,64.4,72.66666666666667,65.0,2,0,Home
63.0,73.4,75.0,71.0,63.0,66.75,59.4,70.66666666666667,4,2,Home
62.0,64.25,65.33333333333333,69.66666666666667,62.0,67.8,69.0,63.0,2,0,Home
56.0,64.25,64.66666666666667,66.5,63.0,61.2,66.0,66.5,2,2,Draw
64.0,63.8,66.0,84.0,68.0,65.75,66.0,62.5,1,2,Away
69.0,64.25,65.33333333333333,64.5,62.0,63.333333333333336,69.0,69.66666666666667,4,2,Home
69.0,60.4,60.66666666666666,74.0,66.0,67.0,61.25,64.0,0,0,Draw
64.0,60.66666666666666,62.0,73.5,66.0,78.5,69.0,65.0,3,1,Home
68.0,64.25,64.66666666666667,59.333333333333336,68.0,65.25,59.2,65.5,2,3,Away
63.0,66.4,64.33333333333333,69.66666666666667,63.0,72.0,67.6,60.0,3,0,Home
64.0,68.2,66.33333333333333,68.0,69.0,66.25,81.0,68.0,2,0,Home
63.0,72.75,72.66666666666667,84.25,56.0,64.6,67.33333333333333,84.25,3,0,Home
63.0,73.8,75.33333333333333,66.5,63.0,66.33333333333333,73.33333333333333,66.0,1,0,Home
68.0,60.66666666666666,61.5,72.0,62.0,68.0,66.0,72.66666666666667,1,3,Away
68.0,72.75,73.75,65.66666666666667,66.0,63.6,64.33333333333333,68.66666666666667,2,1,Home
69.0,65.25,67.33333333333333,65.0,56.0,78.25,66.33333333333333,66.5,1,3,Away
78.0,73.8,75.33333333333333,63.333333333333336,81.0,68.0,67.33333333333333,68.0,1,3,Away
69.0,63.25,65.33333333333333,65.66666666666667,62.0,67.0,59.6,69.0,0,3,Away
63.0,64.2,66.0,61.5,66.0,64.0,77.0,60.666666666666664,1,2,Away
78.0,66.16666666666667,66.33333333333333,65.0,69.0,72.0,67.33333333333333,84.25,2,5,Away
62.0,60.8,61.5,65.0,62.0,68.2,66.66666666666667,69.0,3,1,Home
69.0,67.5,66.2,66.5,70.0,67.0,63.666666666666664,66.66666666666667,2,2,Draw
64.0,65.25,67.75,67.5,62.0,64.6,72.5,63.666666666666664,3,2,Home
63.0,64.25,65.33333333333333,70.75,66.0,67.0,66.0,74.0,8,0,Home
70.0,74.75,67.5,74.0,81.0,67.0,67.0,64.0,2,1,Home
63.0,64.0,63.66666666666666,61.5,62.0,60.833333333333336,64.33333333333333,67.5,6,0,Home
56.0,60.5,63.0,73.5,68.0,63.6,66.0,66.5,2,3,Away
62.0,74.5,72.75,66.0,68.0,63.25,66.66666666666667,60.666666666666664,2,0,Home
64.0,72.8,75.33333333333333,74.0,66.0,68.25,62.333333333333336,66.5,3,3,Draw
81.0,71.75,73.33333333333333,65.66666666666667,69.0,66.6,59.0,65.0,2,1,Home
68.0,65.33333333333333,66.33333333333333,65.0,69.0,66.4,65.25,63.0,1,2,Away
63.0,78.33333333333333,80.33333333333333,68.0,62.0,64.6,66.0,64.5,0,4,Away
78.0,73.75,74.75,65.0,69.0,64.25,66.0,68.0,3,3,Draw
69.0,65.66666666666667,66.33333333333333,65.0,68.0,65.25,67.33333333333333,66.5,2,3,Away
66.0,60.5,63.0,65.5,63.0,68.25,64.33333333333333,69.0,1,1,Draw
70.0,63.333333333333336,64.66666666666667,66.33333333333333,66.0,67.0,65.0,66.5,2,0,Home
81.0,72.25,74.0,83.25,63.0,67.6,67.75,64.75,0,3,Away
78.0,72.0,72.5,65.0,69.0,64.6,66.0,66.0,2,0,Home
70.0,61.4,61.5,59.333333333333336,69.0,67.2,68.5,68.0,2,2,Draw
54.0,66.0,64.5,72.5,62.0,63.6,66.0,68.25,4,0,Home
64.0,60.333333333333336,63.0,74.0,62.0,66.75,64.33333333333333,65.66666666666667,1,1,Draw
69.0,63.6,60.16666666666666,70.66666666666667,68.0,64.5,68.0,66.5,4,2,Home
66.0,64.5,67.0,68.0,62.0,67.4,59.833333333333336,59.5,1,1,Draw
63.0,60.833333333333336,63.5,81.75,69.0,66.8,70.0,63.0,0,0,Draw
63.0,67.0,66.0,70.0,62.0,72.5,65.0,66.66666666666667,2,1,Home
63.0,66.14285714285714,60.0,68.0,69.0,64.4,68.0,64.75,4,0,Home
66.0,73.8,75.33333333333333,59.0,62.0,63.833333333333336,62.333333333333336,59.5,3,1,Home
62.0,65.0,65.33333333333333,66.5,69.0,72.75,72.5,66.5,2,2,Draw
63.0,66.0,66.5,74.0,66.0,65.2,64.33333333333333,71.0,0,1,Away
69.0,72.0,73.75,71.0,68.0,63.2,65.33333333333333,66.5,4,2,Home
70.0,66.16666666666667,66.0,65.0,68.0,72.0,74.75,66.5,1,2,Away
69.0,59.2,60.0,64.5,69.0,78.25,67.33333333333333,70.0,1,1,Draw
59.0,65.25,67.0,59.0,68.0,61.4,60.166666666666664,67.5,1,1,Draw
68.0,65.0,65.33333333333333,63.0,66.0,67.8,72.5,63.0,0,3,Away
78.0,66.25,67.33333333333333,68.0,62.0,64.6,83.0,74.0,2,1,Home
70.0,64.0,64.66666666666667,63.0,64.0,65.0,62.333333333333336,81.75,0,0,Draw
63.0,73.8,75.33333333333333,70.5,78.0,67.5,67.0,63.0,1,1,Draw
62.0,65.25,67.75,68.0,62.0,64.6,64.33333333333333,64.0,0,1,Away
64.0,71.25,75.0,74.0,66.0,65.0,65.0,66.5,3,1,Home
68.0,58.833333333333336,59.0,67.5,81.0,63.333333333333336,64.33333333333333,63.333333333333336,2,1,Home
69.0,62.0,62.333333333333336,70.0,63.0,66.6,64.25,72.0,2,0,Home
62.0,72.5,72.5,68.0,69.0,67.5,60.0,66.5,2,1,Home
78.0,78.0,67.5,58.0,62.0,65.0,62.0,66.5,1,1,Draw
69.0,63.75,64.66666666666667,65.5,59.0,64.25,70.0,63.0,0,1,Away
63.0,72.0,75.0,68.66666666666667,62.0,64.25,67.33333333333333,63.75,2,3,Away
66.0,59.142857142857146,60.0,62.666666666666664,64.0,65.25,64.66666666666667,66.5,5,1,Home
81.0,71.75,72.66666666666667,70.5,66.0,66.75,66.5,72.0,3,2,Home
68.0,66.16666666666667,69.33333333333333,65.5,59.0,63.6,64.0,69.0,3,1,Home
78.0,72.4,74.0,65.25,69.0,67.0,67.33333333333333,63.666666666666664,0,1,Away
63.0,65.0,64.25,61.0,62.0,66.5,59.333333333333336,66.5,0,0,Draw
66.0,62.0,63.0,63.0,59.0,63.8,67.0,64.66666666666667,1,1,Draw
70.0,78.0,67.5,71.0,68.0,59.85714285714285,66.33333333333333,65.5,2,2,Draw
63.0,77.75,81.0,83.5,62.0,67.2,69.75,68.33333333333333,1,1,Draw
69.0,71.75,73.33333333333333,65.0,62.0,63.25,65.33333333333333,63.0,3,0,Home
64.0,68.33333333333333,73.75,74.0,62.0,66.25,60.0,70.0,0,1,Away
68.0,64.2,66.5,71.0,66.0,72.5,65.66666666666667,64.0,0,1,Away
81.0,65.2,62.0,70.66666666666667,69.0,66.8,68.75,66.66666666666667,3,0,Home
69.0,65.66666666666667,67.33333333333333,68.0,68.0,61.8,72.5,66.33333333333333,2,0,Home
78.0,63.6,60.42857142857143,63.0,64.0,65.66666666666667,65.0,61.5,3,0,Home
62.0,64.5,67.75,74.0,63.0,66.5,66.0,64.0,1,1,Draw
63.0,67.5,66.0,66.5,69.0,67.25,59.57142857142857,64.75,3,3,Draw
63.0,60.285714285714285,63.0,64.0,68.0,63.25,67.33333333333333,64.5,1,1,Draw
70.0,65.0,66.5,83.5,69.0,71.75,68.0,71.0,2,1,Home
66.0,61.4,61.5,83.5,66.0,64.6,69.5,64.66666666666667,3,2,Home
62.0,70.0,73.66666666666667,70.66666666666667,62.0,64.5,64.0,70.0,4,0,Home
69.0,72.4,75.33333333333333,71.0,69.0,68.2,73.5,62.0,3,0,Home
63.0,77.75,81.0,68.66666666666667,66.0,65.0,64.0,67.0,2,0,Home
62.0,63.8,63.333333333333336,63.0,70.0,74.75,66.66666666666667,66.66666666666667,1,2,Away
63.0,77.66666666666667,80.33333333333333,65.0,68.0,65.66666666666667,66.0,61.0,3,0,Home
78.0,65.66666666666667,67.33333333333333,67.0,69.0,64.5,65.0,65.0,0,1,Away
69.0,63.8,65.0,62.0,68.0,66.6,69.5,71.0,0,3,Away
81.0,61.4,61.5,65.5,66.0,63.4,69.75,59.0,0,0,Draw
64.0,71.75,71.75,68.0,62.0,68.0,69.0,65.0,1,1,Draw
81.0,71.75,72.5,61.5,62.0,61.25,65.0,63.0,1,1,Draw
70.0,64.4,66.5,68.25,69.0,68.2,64.0,65.0,0,1,Away
64.0,63.75,64.0,65.0,63.0,61.4,66.2,84.25,1,1,Draw
63.0,70.0,72.0,73.0,81.0,64.5,64.0,66.5,3,1,Home
66.0,60.142857142857146,63.0,74.0,68.0,63.0,65.66666666666667,63.5,1,0,Home
66.0,70.0,72.0,84.25,62.0,60.333333333333336,62.333333333333336,68.0,2,2,Draw
62.0,75.0,69.5,66.33333333333333,69.0,65.4,67.5,64.0,3,2,Home
68.0,63.8,65.0,84.25,62.0,63.75,60.42857142857143,59.5,1,1,Draw
64.0,72.25,74.0,67.0,69.0,63.4,60.0,56.0,0,4,Away
63.0,65.5,67.33333333333333,66.33333333333333,66.0,68.6,66.0,62.5,2,3,Away
64.0,65.0,68.33333333333333,65.0,69.0,67.25,64.0,63.0,0,1,Away
81.0,65.0,65.0,74.0,63.0,69.0,64.0,64.0,1,2,Away
64.0,73.0,74.5,71.0,62.0,63.5,65.66666666666667,56.0,1,0,Home
69.0,66.0,66.5,68.0,66.0,73.0,66.0,59.333333333333336,1,0,Home
62.0,64.5,65.0,63.333333333333336,63.0,63.0,66.25,70.0,2,3,Away
70.0,71.75,74.0,70.5,69.0,74.4,68.5,63.333333333333336,1,1,Draw
63.0,63.8,65.0,61.5,68.0,66.75,74.5,64.0,0,0,Draw
68.0,66.4,67.5,69.0,62.0,68.0,60.166666666666664,61.5,5,2,Home
68.0,72.6,74.0,83.5,59.0,63.4,69.5,61.666666666666664,3,1,Home
63.0,60.142857142857146,63.0,66.33333333333333,69.0,66.66666666666667,69.0,63.0,1,1,Draw
78.0,68.75,66.25,68.0,69.0,67.5,67.6,68.25,3,1,Home
64.0,61.4,62.333333333333336,69.0,62.0,63.4,64.0,71.0,1,0,Home
56.0,63.0,64.0,67.0,68.0,67.5,64.66666666666667,60.0,0,0,Draw
69.0,64.5,62.66666666666666,63.666666666666664,66.0,61.4,66.0,85.33333333333333,3,1,Home
63.0,62.75,64.0,71.0,81.0,68.4,64.0,63.5,1,1,Draw
69.0,60.16666666666666,63.0,66.5,62.0,65.0,67.0,60.0,0,2,Away
63.0,72.4,74.0,64.66666666666667,56.0,73.0,61.5,64.0,1,3,Away
68.0,66.5,67.0,71.0,62.0,68.25,66.66666666666667,66.33333333333333,2,0,Home
63.0,63.8,64.33333333333333,66.33333333333333,68.0,63.0,65.75,68.0,0,1,Away
68.0,66.0,67.66666666666667,68.0,59.0,63.333333333333336,74.5,62.0,2,0,Home
63.0,71.75,74.75,68.0,62.0,65.0,67.6,70.0,2,2,Draw
69.0,77.5,83.0,61.5,59.0,73.25,59.4,65.0,1,1,Draw
68.0,66.0,69.33333333333333,63.0,63.0,63.66666666666666,66.66666666666667,63.0,3,0,Home
64.0,73.8,74.0,63.0,69.0,66.75,65.75,63.0,2,2,Draw
62.0,73.66666666666667,75.33333333333333,63.333333333333336,63.0,62.75,74.5,71.0,1,1,Draw
78.0,64.75,69.33333333333333,63.333333333333336,68.0,66.66666666666667,58.6,66.0,3,0,Home
81.0,62.5,64.0,65.0,69.0,66.25,66.0,60.0,0,0,Draw
70.0,60.0,63.0,60.0,66.0,68.25,63.5,69.0,1,0,Home
69.0,63.4,65.0,70.5,62.0,67.5,67.33333333333333,63.0,1,2,Away
81.0,70.66666666666667,74.75,65.5,63.0,62.833333333333336,66.5,71.0,1,1,Draw
62.0,66.14285714285714,69.0,66.33333333333333,66.0,63.8,67.4,60.0,3,1,Home
68.0,74.0,75.33333333333333,63.5,66.0,61.4,68.5,69.66666666666667,0,1,Away
63.0,72.5,72.4,73.0,59.0,67.0,59.6,64.0,1,2,Away
64.0,59.833333333333336,63.0,79.5,62.0,67.4,64.33333333333333,68.25,1,2,Away
64.0,65.75,65.0,67.5,62.0,68.25,59.25,65.5,0,1,Away
70.0,64.0,65.75,71.5,68.0,62.75,69.0,66.0,1,0,Home
81.0,71.75,75.0,83.5,69.0,63.25,66.33333333333333,69.0,2,0,Home
68.0,67.0,66.0,63.5,62.0,66.0,66.75,60.0,1,1,Draw
63.0,66.0,64.66666666666667,61.666666666666664,57.0,61.25,63.5,66.33333333333333,3,2,Home
70.0,72.4,74.0,61.5,64.0,64.6,65.0,65.0,3,3,Draw
63.0,68.6,66.33333333333333,66.33333333333333,63.0,65.25,66.0,64.0,2,1,Home
64.0,63.8,64.33333333333333,73.0,62.0,72.5,61.25,63.0,2,1,Home
69.0,75.0,80.33333333333333,66.5,69.0,63.4,64.66666666666667,65.5,5,2,Home
68.0,63.25,63.0,78.5,69.0,63.0,69.0,62.0,1,1,Draw
69.0,60.0,60.25,68.0,62.0,66.0,72.75,61.5,1,1,Draw
69.0,71.75,75.0,61.0,68.0,67.5,64.0,72.5,2,1,Home
64.0,67.5,68.5,68.0,69.0,72.5,59.2,63.0,2,3,Away
81.0,66.0,67.5,63.0,63.0,73.66666666666667,68.0,63.0,2,2,Draw
68.0,72.6,75.33333333333333,72.33333333333333,63.0,65.5,67.4,64.0,2,2,Draw
63.0,62.6,63.0,72.5,62.0,68.0,74.5,71.0,1,4,Away
78.0,60.2,61.5,66.5,68.0,64.2,75.33333333333333,64.0,0,6,Away
62.0,60.4,61.25,74.0,62.0,63.4,67.5,60.0,1,2,Away
70.0,64.66666666666667,64.66666666666667,65.5,66.0,68.0,66.0,65.5,1,1,Draw
69.0,65.0,65.75,66.33333333333333,68.0,65.66666666666667,59.833333333333336,64.0,0,2,Away
68.0,68.4,66.33333333333333,83.5,69.0,67.5,64.5,71.0,2,3,Away
63.0,63.8,64.33333333333333,62.25,68.0,75.0,67.0,83.5,2,1,Home
63.0,71.5,75.0,59.0,81.0,68.4,68.33333333333333,63.5,0,2,Away
68.0,72.4,75.33333333333333,73.0,62.0,65.0,67.0,72.0,2,0,Home
63.0,72.5,73.66666666666667,68.75,69.0,66.66666666666667,80.33333333333333,60.0,1,0,Home
69.0,65.66666666666667,71.5,68.0,66.0,72.5,66.33333333333333,61.666666666666664,8,1,Home
64.0,73.6,74.0,70.5,62.0,63.2,66.5,66.0,3,3,Draw
64.0,65.5,67.5,61.666666666666664,56.0,65.33333333333333,66.25,68.0,2,0,Home
69.0,64.6,66.0,59.333333333333336,70.0,63.4,73.6,69.0,1,2,Away
64.0,67.6,65.66666666666667,65.0,62.0,68.0,61.0,83.5,1,2,Away
70.0,63.8,64.75,66.33333333333333,64.0,64.8,64.0,62.5,3,1,Home
69.0,59.0,63.0,64.5,69.0,67.66666666666667,60.0,66.5,2,0,Home
70.0,60.6,62.333333333333336,62.5,68.0,66.66666666666667,65.66666666666667,67.33333333333333,1,5,Away
63.0,64.14285714285714,68.0,66.33333333333333,62.0,61.4,64.0,74.0,2,5,Away
56.0,72.5,75.0,72.66666666666667,68.0,63.4,66.0,62.0,1,1,Draw
64.0,72.5,74.5,68.5,62.0,65.0,66.25,62.6,0,3,Away
63.0,79.33333333333333,80.33333333333333,72.33333333333333,68.0,68.4,61.5,63.0,2,0,Home
63.0,64.0,65.0,66.5,66.0,65.0,60.166666666666664,72.0,2,1,Home
70.0,60.6,63.0,74.0,69.0,67.5,65.75,67.0,1,3,Away
78.0,72.75,74.0,63.5,62.0,67.75,66.0,70.0,3,1,Home
68.0,64.75,63.66666666666666,64.66666666666667,69.0,64.0,69.75,67.33333333333333,2,3,Away
64.0,65.83333333333333,69.5,63.0,62.0,63.4,69.0,65.0,0,2,Away
68.0,64.75,61.66666666666666,65.0,63.0,65.83333333333333,66.0,59.0,0,0,Draw
63.0,74.0,73.5,59.5,66.0,65.6,63.0,63.0,2,1,Home
69.0,61.4,61.5,63.0,63.0,66.75,60.166666666666664,64.0,0,3,Away
64.0,70.75,73.66666666666667,68.0,69.0,66.66666666666667,69.5,66.5,0,0,Draw
70.0,72.75,74.5,72.33333333333333,68.0,63.0,67.33333333333333,66.0,0,2,Away
64.0,65.66666666666667,63.5,71.0,56.0,63.0,67.0,60.0,1,1,Draw
64.0,59.57142857142857,60.0,81.75,69.0,73.0,66.66666666666667,62.6,2,2,Draw
63.0,72.0,73.0,63.6,68.0,64.2,63.0,63.0,3,3,Draw
78.0,63.25,63.75,59.5,66.0,66.6,65.33333333333333,68.0,1,1,Draw
68.0,63.5,63.0,68.0,70.0,64.75,73.33333333333333,63.0,0,1,Away
70.0,69.75,71.33333333333333,66.33333333333333,56.0,63.6,65.66666666666667,70.0,1,4,Away
63.0,75.8,79.66666666666667,68.0,59.0,64.5,69.0,68.75,3,2,Home
69.0,68.4,72.0,66.33333333333333,62.0,64.8,63.25,62.0,2,1,Home
64.0,71.4,71.5,79.0,62.0,67.25,65.75,65.0,4,0,Home
65.0,71.2,73.66666666666667,65.0,68.0,69.2,67.33333333333333,77.66666666666667,0,1,Away
69.0,72.6,72.0,69.0,76.0,63.5,64.66666666666667,72.0,3,1,Home
78.0,75.0,73.0,71.0,66.0,64.0,68.6,62.5,1,3,Away
76.0,63.16666666666666,63.0,61.0,70.0,69.2,70.0,65.5,2,0,Home
70.0,71.2,75.0,54.5,68.0,66.0,63.25,61.0,2,0,Home
68.0,71.0,75.25,71.0,66.0,65.0,65.33333333333333,66.33333333333333,1,1,Draw
78.0,75.0,73.0,62.5,65.0,72.6,70.0,67.5,1,2,Away
80.0,63.25,63.75,61.333333333333336,64.0,70.5,69.0,74.0,3,0,Home
59.0,69.0,69.5,63.4,68.0,63.6,63.25,65.5,3,0,Home
79.0,67.25,68.25,83.0,68.0,75.8,72.75,62.0,0,1,Away
70.0,66.5,66.0,72.0,59.0,64.2,72.0,66.5,5,0,Home
80.0,73.0,76.33333333333333,69.0,68.0,70.6,66.75,68.0,0,1,Away
57.0,63.6,62.75,72.5,68.0,63.6,79.66666666666667,66.0,1,3,Away
63.0,63.25,65.5,65.4,70.0,66.0,68.33333333333333,65.5,1,4,Away
68.0,75.0,73.0,79.0,68.0,63.4,72.25,65.4,2,0,Home
66.0,63.2,65.33333333333333,66.0,69.0,73.0,65.33333333333333,75.33333333333333,2,1,Home
76.0,71.2,74.75,72.5,76.0,64.2,69.0,62.333333333333336,2,2,Draw
59.0,68.25,68.25,69.0,65.0,74.6,63.0,83.0,0,2,Away
66.0,70.25,72.0,79.0,78.0,75.8,76.33333333333333,66.0,0,3,Away
80.0,63.5,63.25,62.5,64.0,63.0,68.33333333333333,69.0,0,2,Away
68.0,62.0,63.5,61.833333333333336,70.0,69.2,72.0,65.75,0,0,Draw
79.0,68.8,66.0,73.5,65.0,72.0,79.66666666666667,66.0,2,1,Home
68.0,65.0,62.333333333333336,72.0,70.0,76.4,65.25,65.0,2,1,Home
76.0,66.5,66.0,77.66666666666667,59.0,70.25,68.25,80.33333333333333,4,1,Home
65.0,65.6,65.33333333333333,62.0,76.0,64.8,75.0,66.0,2,0,Home
63.0,73.5,73.0,65.0,64.0,69.0,79.66666666666667,68.5,2,2,Draw
63.0,74.6,72.0,79.0,69.0,63.6,72.0,83.0,1,1,Draw
68.0,62.8,62.333333333333336,65.0,78.0,66.0,68.33333333333333,62.0,0,1,Away
66.0,71.0,74.75,72.0,66.0,62.0,68.75,70.0,2,0,Home
66.0,63.5,63.0,72.0,68.0,64.2,66.0,83.0,0,2,Away
80.0,65.0,62.333333333333336,75.33333333333333,76.0,69.4,69.0,83.0,1,1,Draw
78.0,71.2,74.25,66.0,78.0,62.75,62.75,75.33333333333333,1,2,Away
59.0,66.75,69.25,64.0,76.0,63.6,65.33333333333333,66.0,3,1,Home
79.0,63.6,64.0,61.833333333333336,64.0,65.4,66.33333333333333,61.666666666666664,3,0,Home
65.0,65.6,65.33333333333333,65.0,69.0,64.2,62.75,65.75,2,1,Home
68.0,64.0,63.66666666666666,72.0,63.0,63.6,64.5,66.0,1,2,Away
70.0,68.2,73.33333333333333,72.0,57.0,62.8,69.0,62.0,0,0,Draw
68.0,72.0,71.33333333333333,79.0,63.0,72.0,65.25,65.5,0,2,Away
66.0,74.6,72.0,68.5,68.0,76.8,66.0,69.0,4,0,Home
66.0,71.2,74.75,64.0,68.0,69.4,62.333333333333336,65.0,2,0,Home
65.0,68.25,69.25,75.0,68.0,65.0,76.33333333333333,63.0,1,0,Home
76.0,63.25,63.0,64.33333333333333,66.0,64.25,77.66666666666667,66.0,2,2,Draw
66.0,71.2,74.75,65.0,70.0,63.0,66.66666666666667,69.0,5,1,Home
78.0,68.6,65.4,79.0,68.0,63.6,67.33333333333333,65.75,3,1,Home
79.0,73.6,72.75,72.0,63.0,64.2,63.75,63.0,0,0,Draw
68.0,74.25,72.25,62.0,59.0,64.5,63.5,79.66666666666667,3,2,Home
63.0,62.0,63.0,72.0,76.0,69.4,64.5,83.0,4,2,Home
70.0,70.0,74.0,65.0,78.0,65.0,65.33333333333333,69.0,1,1,Draw
69.0,76.4,79.66666666666667,70.25,68.0,64.0,66.0,66.0,7,0,Home
78.0,70.5,72.66666666666667,79.0,64.0,65.4,69.0,65.0,0,0,Draw
66.0,72.0,76.33333333333333,68.5,68.0,65.6,65.33333333333333,65.0,0,3,Away
63.0,71.0,71.66666666666667,75.0,59.0,72.0,63.666666666666664,63.0,1,0,Home
79.0,71.2,75.25,72.0,66.0,70.25,65.33333333333333,65.5,1,1,Draw
78.0,65.75,67.0,62.0,68.0,62.75,69.0,71.0,1,1,Draw
76.0,65.0,63.5,79.0,65.0,74.4,76.33333333333333,69.0,1,0,Home
76.0,74.5,72.66666666666667,64.25,68.0,62.5,74.0,66.0,4,2,Home
69.0,75.2,76.33333333333333,67.25,64.0,64.0,62.25,64.33333333333333,2,0,Home
70.0,71.0,74.75,73.5,65.0,65.0,72.75,72.0,0,0,Draw
68.0,65.0,69.0,59.0,66.0,70.0,63.0,66.0,0,1,Away
68.0,71.25,74.2,75.0,70.0,63.6,64.0,73.0,1,1,Draw
80.0,65.2,67.0,83.0,76.0,66.4,67.0,73.66666666666667,0,2,Away
78.0,63.0,62.5,75.33333333333333,76.0,64.25,71.66666666666667,66.0,1,0,Home
79.0,66.0,69.0,80.33333333333333,66.0,65.16666666666667,65.33333333333333,66.5,1,3,Away
68.0,62.75,65.0,63.4,78.0,77.2,67.33333333333333,64.0,1,0,Home
70.0,65.0,62.75,79.0,63.0,68.75,64.0,63.333333333333336,0,1,Away
66.0,74.25,71.0,72.33333333333333,65.0,61.4,67.0,65.5,1,2,Away
59.0,65.75,69.25,65.0,64.0,62.25,79.66666666666667,63.6,2,0,Home
70.0,73.66666666666667,72.0,79.0,69.0,70.25,68.0,65.75,4,1,Home
68.0,71.25,73.0,74.0,65.0,63.5,62.75,69.0,1,1,Draw
68.0,64.25,63.25,75.0,68.0,72.0,65.0,69.25,4,1,Home
80.0,71.2,73.25,73.5,65.0,73.0,74.0,74.0,0,0,Draw
68.0,66.6,66.75,79.0,66.0,62.2,64.25,83.0,0,4,Away
78.0,70.0,71.66666666666667,72.0,78.0,68.75,76.33333333333333,70.0,2,0,Home
70.0,63.2,64.0,62.0,68.0,65.4,73.33333333333333,64.0,0,4,Away
65.0,68.4,74.0,66.0,62.0,72.5,64.0,66.0,0,0,Draw
79.0,76.0,79.66666666666667,66.0,68.0,65.2,67.2,73.66666666666667,3,0,Home
70.0,71.0,74.0,65.0,76.0,64.25,67.0,66.0,2,0,Home
69.0,72.75,71.0,70.0,66.0,70.0,76.5,80.33333333333333,2,2,Draw
68.0,71.25,71.75,73.5,76.0,64.2,67.0,76.33333333333333,3,0,Home
76.0,63.75,61.8,62.666666666666664,76.0,63.6,65.75,65.4,0,1,Away
78.0,62.5,63.5,79.0,65.0,72.5,71.66666666666667,64.0,0,0,Draw
79.0,65.0,63.0,66.0,68.0,68.8,69.0,68.0,1,1,Draw
60.0,66.0,67.0,72.0,59.0,64.75,66.0,71.5,0,1,Away
70.0,63.8,65.33333333333333,66.0,78.0,64.0,76.5,66.0,2,2,Draw
62.0,65.0,63.0,68.0,70.0,77.2,64.0,66.0,2,0,Home
63.0,64.5,70.0,66.5,61.0,64.6,65.0,63.4,1,4,Away
68.0,63.75,61.8,66.66666666666667,69.0,73.0,63.333333333333336,64.5,2,1,Home
66.0,70.8,72.75,83.0,64.0,62.5,79.66666666666667,66.0,3,2,Home
68.0,66.0,66.75,73.5,66.0,68.4,67.5,74.0,3,0,Home
68.0,74.75,71.33333333333333,79.0,78.0,68.4,74.33333333333333,66.0,1,3,Away
68.0,70.6,75.0,74.0,68.0,76.4,63.5,71.0,1,3,Away
62.0,71.0,71.66666666666667,66.0,65.0,64.6,74.0,63.333333333333336,0,2,Away
70.0,67.25,70.0,64.0,65.0,64.25,74.0,83.0,0,3,Away
70.0,71.2,75.0,65.0,78.0,65.8,79.66666666666667,64.0,2,0,Home
80.0,72.75,71.33333333333333,72.0,64.0,73.2,67.5,76.33333333333333,0,1,Away
79.0,73.0,76.33333333333333,63.0,76.0,66.6,65.33333333333333,64.0,1,0,Home
69.0,63.0,62.2,65.0,63.0,64.75,66.0,70.75,2,2,Draw
68.0,70.25,65.0,73.5,76.0,64.75,73.66666666666667,66.66666666666667,0,2,Away
79.0,63.8,65.66666666666667,66.0,76.0,69.25,66.75,83.0,1,1,Draw
80.0,71.0,72.8,79.0,78.0,63.6,62.333333333333336,64.0,1,0,Home
76.0,63.333333333333336,63.0,66.0,64.0,64.75,63.666666666666664,64.0,1,0,Home
62.0,64.75,65.0,79.0,66.0,73.0,68.0,74.0,0,1,Away
69.0,65.4,65.33333333333333,73.5,66.0,64.75,64.33333333333333,74.0,1,1,Draw
68.0,63.5,63.66666666666666,63.6,78.0,69.5,64.5,66.0,4,3,Home
70.0,63.75,63.0,73.5,70.0,71.0,71.5,65.0,1,0,Home
63.0,75.0,70.5,73.5,68.0,76.4,62.75,62.666666666666664,1,1,Draw
65.0,66.0,66.0,76.66666666666667,65.0,68.4,68.5,69.0,2,2,Draw
66.0,68.25,70.0,76.33333333333333,68.0,73.0,67.0,63.0,0,3,Away
66.0,64.4,63.66666666666666,66.0,68.0,65.0,79.66666666666667,67.75,1,0,Home
62.0,71.0,74.25,63.6,65.0,73.0,73.33333333333333,74.0,1,0,Home
80.0,62.75,62.25,63.0,78.0,71.0,74.66666666666667,64.5,1,2,Away
70.0,68.5,74.0,79.0,68.0,63.8,67.5,69.0,0,1,Away
68.0,70.0,74.25,62.5,68.0,65.4,76.33333333333333,63.4,0,2,Away
65.0,75.0,70.75,71.0,69.0,62.6,71.66666666666667,83.0,2,1,Home
70.0,67.0,71.0,68.0,78.0,64.2,65.5,67.5,0,1,Away
63.0,63.2,63.333333333333336,64.0,76.0,73.0,69.0,72.66666666666667,1,3,Away
79.0,62.75,62.25,65.0,67.0,65.0,65.33333333333333,64.0,2,1,Home
79.0,64.0,63.333333333333336,80.0,64.0,69.5,66.0,76.33333333333333,2,1,Home
80.0,75.6,79.66666666666667,66.0,67.0,64.75,71.0,63.6,2,1,Home
76.0,71.0,75.25,73.5,69.0,65.2,67.33333333333333,61.0,1,0,Home
62.0,68.25,67.8,64.5,61.0,67.0,68.5,66.0,2,2,Draw
63.0,63.0,65.0,79.0,70.0,64.0,63.333333333333336,65.75,2,1,Home
65.0,72.83333333333333,71.0,64.0,65.0,63.8,67.0,60.0,2,2,Draw
78.0,62.75,60.75,69.5,66.0,64.75,74.0,78.0,1,1,Draw
70.0,63.0,63.333333333333336,75.0,78.0,72.75,63.333333333333336,64.5,2,1,Home
68.0,74.5,72.75,73.5,64.0,63.6,65.5,69.0,2,0,Home
68.0,69.75,71.66666666666667,72.0,57.0,63.8,63.5,64.33333333333333,0,0,Draw
63.0,75.6,79.66666666666667,64.0,66.0,72.75,65.33333333333333,69.0,1,1,Draw
62.0,71.0,74.25,63.666666666666664,76.0,71.25,67.5,66.33333333333333,1,2,Away
80.0,61.75,65.0,83.0,65.0,68.75,68.5,62.666666666666664,1,0,Home
69.0,70.5,74.75,79.0,61.0,63.8,76.33333333333333,61.0,2,1,Home
68.0,74.16666666666667,73.33333333333333,74.0,68.0,69.25,74.0,64.5,1,1,Draw
78.0,74.5,72.75,64.66666666666667,76.0,64.8,74.0,80.33333333333333,3,4,Away
70.0,61.75,64.25,69.66666666666667,65.0,69.5,67.5,65.75,2,1,Home
68.0,75.0,79.66666666666667,64.0,64.0,63.6,69.25,64.0,1,1,Draw
79.0,64.0,62.0,64.0,68.0,63.6,66.75,69.0,3,1,Home
78.0,65.2,66.5,73.5,76.0,64.75,67.0,80.33333333333333,2,0,Home
80.0,70.8,75.25,68.33333333333333,79.0,74.16666666666667,65.33333333333333,75.0,2,2,Draw
68.0,68.25,69.2,60.0,76.0,65.0,64.66666666666667,75.33333333333333,1,2,Away
78.0,63.8,62.25,83.0,64.0,72.75,63.333333333333336,67.0,1,1,Draw
65.0,63.333333333333336,62.2,79.0,68.0,69.25,70.0,69.0,1,0,Home
66.0,66.0,67.0,66.5,70.0,68.25,63.75,66.0,3,1,Home
70.0,64.25,62.66666666666666,72.5,69.0,63.5,73.66666666666667,68.0,3,0,Home
68.0,63.75,62.75,68.5,61.0,68.75,68.5,65.0,1,1,Draw
62.0,63.25,63.0,77.5,65.0,64.6,69.2,62.75,0,3,Away
63.0,71.2,73.75,66.5,68.0,63.8,64.5,64.33333333333333,1,2,Away
66.0,69.5,69.0,83.0,78.0,66.8,71.66666666666667,68.5,3,3,Draw
65.0,75.0,79.66666666666667,64.0,68.0,65.2,69.0,64.5,3,0,Home
62.0,73.75,72.33333333333333,70.66666666666667,76.0,64.25,66.0,80.33333333333333,1,0,Home
63.0,64.5,65.33333333333333,79.0,68.0,64.5,74.0,69.0,3,2,Home
70.0,63.0,61.833333333333336,74.0,61.0,69.0,67.5,74.0,1,1,Draw
69.0,69.75,65.25,64.0,68.0,73.33333333333333,65.25,66.5,4,0,Home
78.0,74.5,75.33333333333333,64.0,76.0,63.5,65.33333333333333,75.33333333333333,0,0,Draw
80.0,66.0,67.0,71.0,70.0,65.0,69.2,66.0,1,0,Home
65.0,70.6,74.75,64.0,64.0,73.0,71.75,67.0,1,1,Draw
64.0,64.0,62.5,63.0,76.0,64.2,64.33333333333333,72.0,1,2,Away
69.0,63.2,63.0,62.0,70.0,69.5,63.5,66.0,2,1,Home
80.0,73.8,79.66666666666667,69.0,61.0,73.8,76.33333333333333,65.5,1,1,Draw
66.0,70.8,73.0,68.25,65.0,66.8,68.25,67.0,1,1,Draw
79.0,68.25,69.25,83.0,68.0,73.0,69.25,74.0,2,1,Home
65.0,69.75,67.0,79.0,78.0,63.25,79.66666666666667,61.0,2,1,Home
62.0,65.6,65.33333333333333,71.0,68.0,62.5,71.66666666666667,64.33333333333333,1,0,Home
78.0,64.33333333333333,62.8,65.0,68.0,64.25,76.33333333333333,64.5,2,0,Home
70.0,65.5,65.0,68.33333333333333,76.0,73.66666666666667,62.8,80.33333333333333,1,0,Home
68.0,70.75,74.0,79.0,64.0,64.5,60.75,67.0,0,2,Away
69.0,63.5,61.75,68.0,68.0,64.2,65.75,67.0,3,0,Home
66.0,63.5,64.5,75.0,78.0,65.5,71.75,74.5,2,2,Draw
65.0,70.8,74.25,66.5,76.0,65.5,65.66666666666667,70.75,0,2,Away
70.0,73.0,75.33333333333333,62.0,76.0,76.0,66.0,72.66666666666667,0,1,Away
79.0,68.25,67.4,74.5,68.0,65.0,67.0,64.0,2,2,Draw
62.0,67.5,64.0,74.0,64.0,64.5,64.8,64.0,1,2,Away
68.0,65.0,63.0,69.0,61.0,63.0,79.66666666666667,61.0,1,0,Home
70.0,62.25,65.0,68.33333333333333,78.0,70.6,63.0,65.33333333333333,1,2,Away
80.0,63.8,63.0,68.0,65.0,62.6,65.33333333333333,71.0,2,0,Home
68.0,70.25,71.33333333333333,66.5,63.0,68.8,63.0,67.0,2,0,Home
61.0,73.0,72.66666666666667,66.0,66.0,64.0,74.75,68.0,2,0,Home
65.0,70.0,74.5,73.5,70.0,68.8,64.33333333333333,66.0,1,1,Draw
68.0,73.66666666666667,69.0,63.0,78.0,62.25,70.0,83.0,1,0,Home
62.0,73.0,73.33333333333333,66.5,68.0,65.5,66.0,64.0,1,1,Draw
69.0,66.8,71.66666666666667,79.0,65.0,62.4,70.0,71.0,3,1,Home
80.0,64.8,66.0,79.0,64.0,63.4,64.25,63.333333333333336,0,0,Draw
70.0,62.0,62.333333333333336,74.0,79.0,64.2,64.8,70.0,1,0,Home
78.0,76.2,79.66666666666667,73.5,61.0,65.0,63.666666666666664,61.0,0,0,Draw
67.0,73.0,69.0,66.0,68.0,70.2,63.0,69.0,0,1,Away
76.0,68.5,67.0,64.66666666666667,63.0,64.66666666666667,68.25,67.0,1,0,Home
66.0,69.5,70.66666666666667,64.0,68.0,63.0,62.75,69.0,1,0,Home
64.0,66.8,74.0,68.0,68.0,61.5,72.75,66.5,3,0,Home
78.0,72.25,72.66666666666667,79.0,57.0,64.2,63.75,66.0,1,1,Draw
67.0,70.6,74.75,79.0,66.0,64.8,65.33333333333333,61.0,2,3,Away
68.0,73.6,71.0,65.33333333333333,62.0,64.0,63.666666666666664,64.0,2,1,Home
69.0,67.25,73.4,76.33333333333333,63.0,65.0,68.25,67.0,1,1,Draw
76.0,72.25,72.66666666666667,69.0,68.0,62.25,69.0,65.0,1,0,Home
80.0,62.5,62.66666666666666,70.66666666666667,63.0,69.5,63.0,79.0,0,3,Away
79.0,63.2,63.0,62.0,65.0,64.2,62.75,66.0,1,1,Draw
78.0,74.16666666666667,69.25,83.0,65.0,72.83333333333333,64.25,71.0,1,2,Away
70.0,64.25,66.0,75.33333333333333,68.0,66.75,68.25,62.666666666666664,3,0,Home
80.0,62.833333333333336,63.0,66.5,63.0,75.0,68.33333333333333,67.0,1,2,Away
64.0,70.6,74.0,68.33333333333333,57.0,65.0,71.5,66.0,0,0,Draw
62.0,62.5,62.0,70.25,65.0,61.5,66.0,66.0,2,1,Home
78.0,72.25,72.66666666666667,79.0,68.0,72.4,73.66666666666667,65.0,1,5,Away
66.0,68.75,71.66666666666667,72.0,66.0,61.8,62.666666666666664,61.0,2,1,Home
62.0,64.2,65.0,65.33333333333333,68.0,62.0,64.4,69.0,2,1,Home
79.0,64.5,63.0,79.0,63.0,65.0,72.0,66.0,2,2,Draw
64.0,70.25,73.33333333333333,79.0,78.0,63.75,65.33333333333333,68.0,1,0,Home
80.0,66.4,65.5,62.666666666666664,68.0,65.0,65.33333333333333,74.0,3,1,Home
69.0,70.25,74.0,64.0,78.0,64.5,62.666666666666664,83.0,5,0,Home
66.0,69.0,70.66666666666667,65.33333333333333,68.0,63.75,62.333333333333336,64.66666666666667,3,0,Home
65.0,68.25,66.0,72.0,68.0,70.25,67.0,61.0,2,1,Home
76.0,62.5,62.0,64.0,67.0,74.16666666666667,63.166666666666664,74.0,2,3,Away
70.0,72.25,72.66666666666667,71.0,65.0,73.0,66.0,62.75,3,0,Home
70.0,66.4,65.33333333333333,62.666666666666664,66.0,67.0,74.0,61.0,3,1,Home
69.0,70.6,73.25,79.0,68.0,62.0,71.75,65.0,0,3,Away
68.0,76.8,79.66666666666667,68.33333333333333,65.0,70.0,73.66666666666667,66.0,1,2,Away
64.0,61.0,64.4,72.0,66.0,76.8,68.25,72.0,1,2,Away
80.0,60.4,65.25,66.5,65.0,66.6,65.25,66.5,2,0,Home
70.0,62.75,62.0,71.0,63.0,64.5,73.33333333333333,66.0,1,1,Draw
79.0,63.4,62.75,66.0,76.0,64.33333333333333,79.66666666666667,71.0,2,2,Draw
78.0,67.75,74.6,79.0,78.0,64.25,69.33333333333333,65.33333333333333,0,1,Away
68.0,63.75,63.5,68.33333333333333,67.0,64.5,62.666666666666664,75.33333333333333,2,1,Home
66.0,68.25,68.75,74.0,68.0,63.2,63.2,69.0,1,1,Draw
64.0,70.25,69.5,62.666666666666664,66.0,69.75,66.0,69.0,0,0,Draw
62.0,70.6,73.75,79.0,76.0,59.6,65.33333333333333,72.66666666666667,1,0,Home
70.0,61.5,64.75,65.0,78.0,65.0,68.33333333333333,83.0,1,2,Away
65.0,72.16666666666667,76.5,70.0,68.0,61.6,71.33333333333333,69.0,3,2,Home
68.0,68.25,70.0,83.0,68.0,72.66666666666667,66.33333333333333,65.0,4,2,Home
69.0,75.4,79.66666666666667,61.0,65.0,71.75,70.0,66.5,0,0,Draw
68.0,64.75,63.25,62.0,66.0,69.75,63.5,72.0,2,3,Away
68.0,70.4,74.25,62.666666666666664,70.0,64.5,71.75,65.33333333333333,0,0,Draw
78.0,61.5,63.8,64.0,63.0,67.0,76.5,66.0,3,1,Home
61.0,64.8,66.5,79.0,69.0,64.5,69.5,63.6,1,0,Home
78.0,62.5,62.0,68.5,66.0,63.2,62.75,65.5,2,1,Home
68.0,68.0,71.25,73.5,68.0,65.0,73.33333333333333,67.0,0,0,Draw
79.0,68.25,66.5,64.5,65.0,61.5,66.75,62.333333333333336,1,3,Away
68.0,72.0,72.5,72.0,78.0,63.2,68.33333333333333,65.33333333333333,1,3,Away
66.0,65.0,62.5,62.0,76.0,61.0,69.0,73.75,2,4,Away
64.0,70.0,73.33333333333333,68.0,69.0,61.8,64.25,64.5,1,1,Draw
63.0,68.25,68.0,73.5,65.0,70.25,68.33333333333333,66.5,4,0,Home
68.0,64.8,66.5,83.0,76.0,73.0,66.0,70.0,5,1,Home
80.0,64.5,66.75,65.0,70.0,63.25,65.33333333333333,65.0,1,4,Away
62.0,62.5,63.0,70.0,63.0,70.6,76.33333333333333,66.0,0,0,Draw
76.0,65.0,62.5,61.0,68.0,70.5,76.5,69.0,0,1,Away
68.0,64.0,63.66666666666666,70.66666666666667,68.0,65.0,63.333333333333336,62.0,2,0,Home
66.0,74.0,73.66666666666667,62.666666666666664,63.0,76.2,74.75,66.0,4,0,Home
70.0,72.0,73.0,73.0,66.0,61.8,73.33333333333333,63.0,2,0,Home
64.0,69.75,72.5,73.5,65.0,70.0,65.66666666666667,62.0,3,0,Home
62.0,71.4,75.25,70.0,76.0,65.25,75.66666666666667,79.66666666666667,2,2,Draw
59.0,70.4,74.25,65.0,78.0,67.8,65.0,78.0,1,1,Draw
64.0,73.0,76.5,72.66666666666667,68.0,64.6,73.66666666666667,64.66666666666667,1,1,Draw
80.0,71.5,73.0,73.5,79.0,68.25,66.0,70.0,0,3,Away
69.0,71.0,74.6,70.66666666666667,76.0,62.5,69.0,72.66666666666667,1,2,Away
63.0,69.75,72.5,65.0,68.0,65.0,65.33333333333333,69.0,4,2,Home
79.0,63.0,65.5,63.0,78.0,64.0,68.0,78.5,1,1,Draw
76.0,71.2,73.75,65.0,65.0,73.0,63.0,62.333333333333336,0,2,Away
80.0,65.0,62.5,66.0,76.0,75.8,62.333333333333336,73.66666666666667,2,0,Home
63.0,63.75,63.0,78.0,70.0,67.8,65.33333333333333,65.0,2,0,Home
69.0,61.0,64.0,79.0,68.0,73.8,76.5,69.0,0,2,Away
66.0,71.75,68.0,64.5,63.0,63.5,75.66666666666667,66.0,2,3,Away
68.0,64.8,66.5,67.0,68.0,64.5,64.66666666666667,73.5,1,1,Draw
62.0,72.0,76.33333333333333,70.0,64.0,64.0,79.66666666666667,62.0,3,2,Home
59.0,68.25,70.0,77.5,68.0,69.75,65.75,65.0,0,4,Away
68.0,64.8,62.5,79.0,65.0,74.4,64.75,71.0,1,1,Draw
78.0,63.75,65.33333333333333,79.0,76.0,65.0,64.33333333333333,77.5,2,1,Home
66.0,63.75,63.66666666666666,64.5,78.0,62.5,70.33333333333333,78.0,3,2,Home
76.0,71.25,73.4,62.5,68.0,64.25,68.5,67.0,4,0,Home
68.0,70.2,74.25,75.0,78.0,62.0,63.333333333333336,74.0,1,6,Away
62.0,61.0,64.4,65.0,66.0,70.25,62.0,62.5,0,1,Away
66.0,75.0,75.33333333333333,66.0,70.0,64.5,64.5,65.0,1,4,Away
65.0,69.5,72.0,61.0,65.0,64.0,63.0,66.33333333333333,0,0,Draw
63.0,68.0,67.6,69.66666666666667,69.0,64.25,73.33333333333333,63.6,1,1,Draw
79.0,64.25,63.0,70.66666666666667,78.0,61.0,63.5,67.25,1,2,Away
68.0,63.4,62.333333333333336,80.33333333333333,68.0,73.0,65.5,65.0,0,1,Away
80.0,65.0,63.66666666666666,70.0,64.0,74.16666666666667,66.0,63.0,1,1,Draw
76.0,67.8,65.66666666666667,64.0,63.0,63.0,64.4,66.0,1,0,Home
68.0,74.75,75.33333333333333,70.66666666666667,64.0,69.2,76.5,63.0,2,1,Home
65.0,76.8,79.66666666666667,66.0,61.0,64.4,70.0,75.33333333333333,2,1,Home
62.0,65.0,70.33333333333333,79.0,70.0,70.0,63.0,65.0,1,1,Draw
68.0,70.75,72.6,72.0,61.0,73.0,63.75,62.5,0,1,Away
68.0,72.75,74.25,61.0,63.0,69.5,66.5,66.0,4,2,Home
80.0,64.0,63.333333333333336,72.33333333333333,68.0,62.8,69.5,61.0,2,3,Away
78.0,71.6,72.0,75.33333333333333,76.0,62.2,76.5,74.5,1,0,Home
66.0,69.4,73.0,66.0,78.0,76.8,68.25,68.5,2,2,Draw
63.0,64.5,65.6,66.0,65.0,64.4,65.33333333333333,66.33333333333333,2,2,Draw
80.0,67.5,70.0,62.0,69.0,65.0,64.66666666666667,65.4,0,1,Away
65.0,64.8,62.5,64.66666666666667,66.0,64.5,79.66666666666667,70.66666666666667,1,0,Home
78.0,62.0,62.66666666666666,66.0,61.0,69.25,64.0,69.0,1,2,Away
79.0,70.4,70.75,76.33333333333333,76.0,64.0,68.25,75.5,0,1,Away
70.0,62.2,64.66666666666667,83.0,68.0,70.0,65.0,66.0,2,3,Away
61.0,63.25,63.25,69.5,61.0,65.0,68.25,61.0,1,0,Home
62.0,62.0,62.66666666666666,79.0,68.0,63.6,63.666666666666664,61.0,0,1,Away
64.0,73.75,71.33333333333333,80.0,64.0,61.0,71.33333333333333,83.0,0,2,Away
63.0,70.0,74.6,66.0,68.0,74.16666666666667,62.4,64.66666666666667,1,3,Away
65.0,69.8,75.0,66.5,63.0,73.0,63.666666666666664,66.0,1,1,Draw
61.0,68.5,70.0,71.0,65.0,64.0,64.0,66.33333333333333,0,0,Draw
64.0,64.2,66.5,64.0,68.0,63.0,73.33333333333333,69.0,1,0,Home
80.0,69.75,65.25,69.5,68.0,64.5,76.33333333333333,64.5,1,2,Away
63.0,65.5,67.0,63.333333333333336,61.0,64.4,67.0,72.66666666666667,1,1,Draw
79.0,76.4,79.66666666666667,63.0,62.0,69.25,66.0,60.0,1,0,Home
68.0,67.16666666666667,72.33333333333333,79.0,65.0,75.0,64.75,66.0,0,3,Away
66.0,68.25,67.0,62.25,68.0,73.0,63.666666666666664,61.5,1,0,Home
69.0,62.0,63.0,61.5,78.0,63.5,68.25,68.5,3,0,Home
70.0,74.16666666666667,73.33333333333333,62.666666666666664,76.0,64.0,79.66666666666667,78.33333333333333,1,1,Draw
78.0,62.0,63.0,79.0,63.0,61.5,76.33333333333333,65.0,2,0,Home
61.0,64.0,63.66666666666666,79.0,61.0,64.8,62.666666666666664,61.5,0,0,Draw
